Rk,Player,Pos,Age,Tm,G,GS,MP,FG,FGA,FGPer,ThreeP,ThreePA,ThreePPer,TwoP,TwoPA,TwoPPer,eFG,FT,FTA,FTPer,ORB,DRB,TRB,AST,STL,BLK,TOV,PF,PTS,TSPer,USGPer
1,Alex Abrines,SG,25,OKC,31,2,19,1.8,5.1,0.357,1.3,4.1,0.323,0.5,1,0.5,0.487,0.4,0.4,0.923,0.2,1.4,1.5,0.6,0.5,0.2,0.5,1.7,5.3,0.507,12.2
2,Quincy Acy,PF,28,PHO,10,0,12.3,0.4,1.8,0.222,0.2,1.5,0.133,0.2,0.3,0.667,0.278,0.7,1,0.7,0.3,2.2,2.5,0.8,0.1,0.4,0.4,2.4,1.7,0.379,9.2
3,Jaylen Adams,PG,22,ATL,32,0,12.3,1.1,3.2,0.35,0.8,2.2,0.338,0.4,1,0.375,0.466,0.2,0.3,0.75,0.3,1.3,1.7,1.9,0.4,0.2,0.8,1.3,3.2,0.479,13.7
4,Steven Adams,C,25,OKC,77,77,33.7,6.1,10.2,0.6,0,0,0,6.1,10.2,0.602,0.6,1.8,3.7,0.5,4.9,4.7,9.6,1.6,1.5,1,1.7,2.5,14.1,0.596,16.4
5,Bam Adebayo,C,21,MIA,79,26,23.3,3.4,5.8,0.577,0,0.2,0.154,3.3,5.7,0.589,0.579,2,2.7,0.736,2,5.2,7.2,2.3,0.9,0.8,1.5,2.5,8.8,0.623,15.6
6,Deng Adel,SF,21,CLE,17,3,11,0.6,2.1,0.286,0.3,1.3,0.227,0.3,0.8,0.385,0.357,0.1,0.1,1,0.1,0.9,1,0.3,0.1,0.2,0.3,0.7,1.6,0.376,9.6
7,DeVaughn Akoon-Purcell,SG,25,DEN,7,0,3.1,0.4,1.4,0.3,0,0.6,0,0.4,0.9,0.5,0.3,0.1,0.3,0.5,0.1,0.4,0.6,0.9,0.3,0,0.3,0.6,1,0.322,25
8,LaMarcus Aldridge,C,33,SAS,79,79,33.2,8.4,16.3,0.516,0.1,0.5,0.25,8.3,15.7,0.525,0.52,4.3,5.1,0.845,3.1,6,9.1,2.4,0.5,1.3,1.8,2.2,21.2,0.573,26.9
9,Rawle Alkins,SG,21,CHI,7,0,9.7,1.1,3.6,0.32,0.3,1.3,0.222,0.9,2.3,0.375,0.36,0.7,1,0.714,1.3,1.4,2.7,1.3,0.1,0,0.7,0.6,3.3,0.41,21.2
10,Grayson Allen,SG,23,UTA,35,1,9.9,1.5,4,0.383,0.8,2.4,0.325,0.8,1.7,0.466,0.479,0.8,1.2,0.69,0,0.4,0.4,0.6,0.1,0.1,0.8,1.2,4.7,0.514,23.2
11,Jarrett Allen,C,20,BRK,77,77,26.4,4.2,7.1,0.591,0.1,0.6,0.136,4.1,6.6,0.63,0.596,2.5,3.6,0.708,2.4,5.9,8.4,1.4,0.5,1.5,1.3,2.3,11,0.634,15.9
12,Kadeem Allen,SG,26,NYK,18,1,21.5,3.4,7.3,0.473,0.8,1.8,0.455,2.6,5.4,0.48,0.531,2.1,2.6,0.804,0.4,2.1,2.6,3.8,0.8,0.2,1.4,2.5,9.8,0.582,19.5
13,Al-Farouq Aminu,PF,28,POR,79,79,28.4,3.2,7.3,0.432,1.2,3.5,0.348,1.9,3.8,0.508,0.515,1.8,2.1,0.867,1.4,6.1,7.5,1.3,0.8,0.4,0.9,1.8,9.3,0.568,13.5
14,Justin Anderson,SF,25,ATL,46,4,9.4,1.3,3.2,0.403,0.5,1.6,0.292,0.8,1.7,0.506,0.473,0.5,0.7,0.71,0.5,1.2,1.7,0.5,0.5,0.3,0.4,1,3.5,0.501,17.2
15,Kyle Anderson,SF,25,MEM,43,40,29.8,3.5,6.4,0.543,0.2,0.8,0.265,3.3,5.6,0.583,0.56,0.9,1.5,0.578,1.1,4.7,5.8,3,1.3,0.9,1.3,2.6,8,0.569,12.6
16,Ryan Anderson,PF,30,TOT,24,8,13.4,0.9,2.9,0.304,0.4,1.7,0.225,0.5,1.2,0.414,0.37,0.5,0.7,0.75,0.8,1.5,2.3,0.8,0.2,0,0.6,1,2.6,0.414,12
16,Ryan Anderson,PF,30,PHO,15,8,18.5,1.3,4,0.317,0.5,2.3,0.206,0.8,1.7,0.462,0.375,0.7,0.9,0.786,0.9,2.1,3,1.1,0.2,0.1,0.8,1.5,3.7,0.423,12.1
16,Ryan Anderson,PF,30,MIA,9,0,4.8,0.2,1,0.222,0.2,0.7,0.333,0,0.3,0,0.333,0.1,0.2,0.5,0.4,0.6,1,0.2,0.1,0,0.2,0.2,0.8,0.354,11.8
17,Ike Anigbogu,C,20,IND,3,0,2,0,1,0,0,0,,0,1,0,0,0,0,,0.3,0.7,1,0.3,0,0.3,0.3,0,0,0,29.2
18,Giannis Antetokounmpo,PF,24,MIL,71,71,32.9,10,17.4,0.577,0.7,2.8,0.253,9.3,14.6,0.639,0.597,6.9,9.5,0.73,2.2,10.3,12.5,5.9,1.3,1.5,3.8,3.3,27.7,0.642,32.3
19,Kostas Antetokounmpo,PF,21,DAL,2,0,5.5,0,1.5,0,0,0,,0,1.5,0,0,1,2,0.5,0,0.5,0.5,0,1,0,0.5,0,1,0.21,22.5
20,Carmelo Anthony,PF,34,HOU,10,2,29.4,4.9,12.1,0.405,2.1,6.4,0.328,2.8,5.7,0.491,0.492,1.5,2.2,0.682,0.9,4.5,5.4,0.5,0.4,0.7,0.8,3.2,13.4,0.513,20.5
21,OG Anunoby,SF,21,TOR,65,6,20.3,2.8,6.1,0.454,1,3,0.333,1.7,3,0.577,0.538,0.6,1,0.581,0.9,2.1,2.9,0.7,0.7,0.3,0.8,2.1,7.1,0.546,15.4
22,Ryan Arcidiacono,PG,24,CHI,78,30,24.1,2.3,5,0.449,1,2.7,0.375,1.3,2.4,0.533,0.548,1,1.2,0.868,0.3,2.3,2.6,3.3,0.8,0.1,0.8,2.1,6.5,0.589,11.4
23,Trevor Ariza,SF,33,TOT,69,69,34,4.3,10.7,0.399,2.1,6.3,0.334,2.2,4.4,0.493,0.498,1.9,2.4,0.793,0.7,4.7,5.4,3.7,1.3,0.3,1.5,1.9,12.5,0.534,16.6
23,Trevor Ariza,SF,33,PHO,26,26,34,3.3,8.7,0.379,1.9,5.3,0.36,1.4,3.4,0.409,0.489,1.4,1.7,0.837,0.6,5,5.6,3.3,1.5,0.3,1.5,1.7,9.9,0.525,13.8
23,Trevor Ariza,SF,33,WAS,43,43,34.1,4.8,11.8,0.409,2.2,6.9,0.322,2.6,5,0.528,0.502,2.2,2.8,0.777,0.8,4.5,5.3,3.8,1.2,0.3,1.6,2,14.1,0.538,18.2
24,D.J. Augustin,PG,31,ORL,79,79,27.9,3.9,8.3,0.47,1.6,3.8,0.421,2.3,4.4,0.513,0.567,2.3,2.6,0.868,0.5,1.9,2.4,5.2,0.6,0.1,1.6,1.4,11.6,0.618,17.1
25,Deandre Ayton,C,20,PHO,71,70,30.7,7.2,12.3,0.585,0,0.1,0,7.2,12.2,0.588,0.585,2,2.7,0.746,3.1,7.1,10.3,1.8,0.9,0.9,1.8,2.9,16.3,0.608,21.2
26,Dwayne Bacon,SG,23,CHO,40,10,16.7,2.6,5.6,0.462,0.8,1.9,0.434,1.8,3.7,0.476,0.536,0.8,1.1,0.733,0.2,2,2.2,1.1,0.3,0.1,0.4,1.6,6.8,0.56,16.7
27,Marvin Bagley,PF,19,SAC,60,4,25.1,5.7,11.2,0.505,0.5,1.5,0.307,5.2,9.8,0.535,0.525,3,4.3,0.691,2.6,4.9,7.5,1,0.5,1,1.6,2,14.7,0.563,24.2
28,Ron Baker,SG,25,TOT,15,0,10.1,0.3,1.3,0.2,0.1,0.9,0.077,0.2,0.5,0.429,0.225,0.3,0.4,0.833,0.1,0.7,0.7,1,0.4,0.1,0.3,1.2,0.9,0.309,7.7
28,Ron Baker,SG,25,NYK,11,0,9.7,0.4,1.5,0.25,0.1,0.8,0.111,0.3,0.6,0.429,0.281,0.5,0.5,0.833,0.1,0.5,0.6,1.2,0.5,0,0.3,1.5,1.3,0.376,8.6
28,Ron Baker,SG,25,WAS,4,0,11.3,0,1,0,0,1,0,0,0,,0,0,0,,0,1,1,0.5,0.3,0.3,0.5,0.5,0,0,5.7
29,Wade Baldwin,PG,22,POR,16,0,5.9,0.6,2.1,0.303,0.1,0.6,0.222,0.5,1.5,0.333,0.333,0.5,0.7,0.727,0.1,0.8,0.9,0.8,0.1,0.1,0.9,0.7,1.9,0.396,23.3
30,Lonzo Ball,PG,21,LAL,47,45,30.3,3.9,9.7,0.406,1.6,4.9,0.329,2.3,4.9,0.482,0.488,0.4,1,0.417,1.1,4.2,5.3,5.4,1.5,0.4,2.2,2.4,9.9,0.487,16.9
31,Mohamed Bamba,C,20,ORL,47,1,16.3,2.5,5.2,0.481,0.4,1.5,0.3,2,3.7,0.555,0.525,0.8,1.3,0.587,1.4,3.6,5,0.8,0.3,1.4,0.9,2.2,6.2,0.539,17.8
32,J.J. Barea,PG,34,DAL,38,0,19.8,4.2,10.1,0.418,1,3.4,0.297,3.2,6.8,0.479,0.468,1.4,2.1,0.705,0.3,2.2,2.5,5.6,0.6,0,1.9,1.3,10.9,0.495,28.1
33,Harrison Barnes,PF-SF,26,TOT,75,75,33.1,5.6,13.4,0.417,2.2,5.7,0.39,3.3,7.7,0.437,0.5,2.9,3.5,0.827,0.7,4,4.7,1.5,0.7,0.2,1.3,1.6,16.3,0.546,20.9
33,Harrison Barnes,PF,26,DAL,49,49,32.3,5.9,14.6,0.404,2.5,6.3,0.389,3.4,8.3,0.416,0.489,3.4,4,0.833,0.7,3.5,4.2,1.3,0.7,0.2,1.4,1.6,17.7,0.538,23.7
33,Harrison Barnes,SF,26,SAC,26,26,34.5,5,11.1,0.448,1.8,4.6,0.392,3.2,6.5,0.488,0.53,2.1,2.6,0.809,0.7,4.9,5.7,1.9,0.7,0,1.2,1.6,13.8,0.566,16
34,Will Barton,SG,28,DEN,40,35,27.8,4.5,11,0.406,1.6,4.7,0.348,2.8,6.3,0.45,0.481,1.4,1.8,0.771,0.8,3.8,4.6,2.9,0.4,0.5,1.6,2,11.9,0.507,20.4
35,Keita Bates-Diop,SF,23,MIN,27,3,16.4,2,4.6,0.424,0.4,1.7,0.244,1.6,3,0.525,0.468,0.6,1,0.615,0.6,2,2.6,0.5,0.5,0.4,0.4,1,4.9,0.487,13.9
36,Nicolas Batum,SF,30,CHO,72,69,31.7,3.5,7.7,0.452,1.6,4.1,0.391,1.9,3.7,0.521,0.556,1.1,1.2,0.865,1,4.3,5.2,3.3,1,0.6,1.6,1.9,9.7,0.584,13.4
37,Jerryd Bayless,PG,30,MIN,34,6,19.3,2.4,6.8,0.357,0.9,2.9,0.296,1.6,3.9,0.402,0.42,0.5,0.8,0.571,0.3,1.5,1.8,3.5,0.5,0.1,0.9,1.6,6.1,0.431,17.5
38,Aron Baynes,C,32,BOS,50,17,16.1,2.1,4.4,0.47,0.4,1.2,0.35,1.6,3.2,0.516,0.518,1.1,1.2,0.855,1.7,3,4.7,1.1,0.2,0.7,0.8,2.5,5.6,0.568,15.2
39,Kent Bazemore,SG,29,ATL,65,35,24.6,4.2,10.3,0.407,1.4,4.4,0.317,2.8,5.9,0.474,0.475,1.9,2.6,0.731,0.6,3.4,4,2.3,1.4,0.6,1.8,2.5,11.7,0.511,22
40,Bradley Beal,SG,25,WAS,80,80,37.4,9.4,19.8,0.476,2.6,7.3,0.35,6.9,12.4,0.551,0.541,4.5,5.6,0.807,1.1,4,5,5.5,1.5,0.7,2.8,2.8,25.9,0.583,28.4
41,Malik Beasley,SG,22,DEN,78,18,23.2,4.2,9,0.473,2,4.9,0.402,2.3,4,0.561,0.584,0.7,0.8,0.883,0.4,2.1,2.5,1.2,0.7,0.1,0.7,1.4,11.2,0.599,18.4
42,Michael Beasley,PF,30,LAL,26,2,10.7,2.9,5.9,0.49,0.1,0.7,0.176,2.8,5.2,0.529,0.5,1.1,1.5,0.718,0.5,1.8,2.3,1,0.3,0.4,1,1.6,7,0.532,29.5
43,Marco Belinelli,SG,32,SAS,77,1,23.2,3.7,8.8,0.417,1.9,5.1,0.375,1.8,3.8,0.474,0.525,1.5,1.6,0.903,0.2,2.3,2.5,1.7,0.5,0.1,0.9,1.5,10.7,0.562,19.9
44,Jordan Bell,C,24,GSW,65,2,11.4,1.3,2.7,0.497,0,0,0,1.3,2.7,0.503,0.497,0.3,0.6,0.595,0.8,1.8,2.6,1.1,0.3,0.8,0.6,1.2,3,0.512,13.3
45,DeAndre' Bembry,SG,24,ATL,80,15,23.6,3.3,7.5,0.445,0.6,2.1,0.292,2.7,5.3,0.506,0.487,1,1.6,0.623,0.6,3.7,4.4,2.5,1.3,0.5,1.7,2.3,8.3,0.506,17.1
46,Dragan Bender,PF,21,PHO,44,25,17.1,1.8,3.9,0.45,0.5,2.1,0.215,1.3,1.8,0.731,0.509,0.6,1,0.595,0.7,3,3.7,1.1,0.4,0.5,0.8,1.9,4.5,0.525,12.7
47,Dairis Bertans,SG,29,NOP,10,0,12,1,3.5,0.286,0.8,2.7,0.296,0.2,0.8,0.25,0.4,0,0,,0.2,0.5,0.7,0.8,0.1,0,0.2,0.5,2.8,0.4,12.7
48,Davis Bertans,PF,26,SAS,74,12,21.5,2.6,5.9,0.448,1.9,4.4,0.429,0.7,1.5,0.505,0.609,0.7,0.8,0.883,0.3,3.2,3.5,1.3,0.5,0.4,0.6,1.8,7.9,0.632,13.9
49,Patrick Beverley,PG,30,LAC,77,48,27.5,2.5,6.1,0.404,1.4,3.6,0.393,1.1,2.5,0.42,0.519,1.2,1.6,0.78,1,4,5,3.8,0.9,0.6,1.1,3.4,7.6,0.557,12.1
50,Khem Birch,C,26,ORL,48,0,12.6,1.8,3,0.608,0,0,0,1.8,3,0.613,0.608,1.2,1.7,0.704,1.6,2.2,3.8,0.8,0.4,0.6,0.4,1.4,4.8,0.647,14.3
51,Bismack Biyombo,C,26,CHO,51,29,14,1.6,2.8,0.572,0,0,,1.6,2.8,0.572,0.572,1,1.6,0.654,1.5,3,4.5,0.5,0.2,0.8,0.6,1.9,4.3,0.606,12.7
52,Nemanja Bjelica,PF,30,SAC,75,68,23.4,3.7,7.7,0.473,1.3,3.3,0.392,2.4,4.4,0.535,0.558,0.9,1.2,0.756,1.7,4.3,5.9,1.9,0.7,0.7,1.1,2.6,9.5,0.577,16.5
53,Antonio Blakeney,SG,22,CHI,56,3,14.6,2.9,7,0.418,0.6,1.6,0.4,2.3,5.4,0.423,0.464,0.9,1.3,0.662,0.1,1.8,1.9,0.7,0.2,0.2,0.6,0.7,7.3,0.486,24.5
54,Eric Bledsoe,PG,29,MIL,76,76,29.1,6,12.4,0.481,1.6,4.8,0.325,4.4,7.6,0.58,0.544,2.3,3,0.755,1,3.6,4.6,5.4,1.5,0.4,2.1,2,15.8,0.574,22.8
55,Jaron Blossomgame,SF,25,CLE,27,4,16.3,1.7,3.9,0.443,0.4,1.4,0.256,1.4,2.5,0.552,0.491,0.4,0.5,0.769,1,2.7,3.6,0.5,0.3,0.3,0.4,0.7,4.2,0.51,12.2
56,Bogdan Bogdanovic,SG,26,SAC,68,17,27.8,5.1,12.2,0.421,1.9,5.2,0.361,3.3,7.1,0.465,0.497,1.9,2.4,0.825,0.6,2.9,3.5,3.9,1,0.2,1.7,2.1,14.1,0.531,22.2
57,Bojan Bogdanovic,SF,29,IND,80,80,31.8,6.5,13,0.497,2,4.8,0.424,4.4,8.2,0.54,0.575,3.1,3.8,0.809,0.4,3.7,4.1,2,0.9,0,1.7,1.7,18,0.614,22.5
58,Andrew Bogut,C,34,GSW,9,4,12.1,1.9,3.8,0.5,0,0,,1.9,3.8,0.5,0.5,0.3,0.3,1,1.1,4,5.1,1.1,0.1,0.6,0.3,2,4.1,0.524,15
59,Jonah Bolden,PF,23,PHI,42,9,14.3,1.8,3.6,0.5,0.7,2.1,0.348,1.1,1.5,0.714,0.602,0.3,0.6,0.481,1.1,2.7,3.9,0.9,0.4,0.9,0.9,2.2,4.7,0.598,13.9
60,Isaac Bonga,PG,19,LAL,20,0,4.6,0.3,1.4,0.179,0,0.4,0,0.3,1.1,0.238,0.179,0.5,0.8,0.6,0.4,0.8,1.1,0.7,0.4,0.2,0.2,0.4,1,0.275,17.4
61,Devin Booker,SG,22,PHO,64,64,35,9.2,19.6,0.467,2.1,6.5,0.326,7,13.1,0.536,0.521,6.1,7.1,0.866,0.6,3.5,4.1,6.8,0.9,0.2,4.1,3.1,26.6,0.584,32.9
62,Chris Boucher,PF,26,TOR,27,0,5.1,1,2.4,0.409,0.4,1.3,0.324,0.6,1.2,0.5,0.492,0.5,0.6,0.867,0.6,1,1.6,0,0.2,0.8,0.2,1.1,2.9,0.537,24
63,Avery Bradley,SG,28,TOT,63,63,30.2,3.9,9.7,0.408,1.4,3.9,0.351,2.6,5.8,0.446,0.479,0.7,0.8,0.86,0.7,2.1,2.8,2.4,0.7,0.3,1.4,2.7,9.9,0.496,16.2
63,Avery Bradley,SG,28,LAC,49,49,29.9,3.3,8.6,0.383,1.2,3.5,0.337,2.1,5.1,0.415,0.452,0.4,0.5,0.8,0.7,2,2.7,2,0.6,0.3,1.2,2.7,8.2,0.464,14.2
63,Avery Bradley,SG,28,MEM,14,14,31.6,6.2,13.4,0.463,2,5.2,0.384,4.2,8.2,0.513,0.537,1.6,1.8,0.92,0.6,2.6,3.1,4,1,0,2,2.4,16.1,0.565,23
64,Tony Bradley,C,21,UTA,2,0,6,0.5,2,0.25,0,0,,0.5,2,0.25,0.25,0,0,,1,1.5,2.5,0,0,0,0.5,1,1,0.25,17.8
65,Corey Brewer,SF,32,TOT,29,3,15.7,1.8,4.2,0.438,0.5,1.5,0.318,1.3,2.7,0.506,0.496,1.1,1.5,0.721,0.8,1.7,2.5,1.2,1,0.2,0.6,2,5.2,0.54,14.2
65,Corey Brewer,SF,32,PHI,7,3,20,2.9,7,0.408,0.6,2,0.286,2.3,5,0.457,0.449,1.3,1.9,0.692,0.6,1.9,2.4,1.4,1.7,0.3,1.1,2.3,7.6,0.484,18.8
65,Corey Brewer,SF,32,SAC,22,0,14.3,1.5,3.3,0.458,0.5,1.4,0.333,1,1.9,0.548,0.528,1,1.4,0.733,0.9,1.6,2.5,1.2,0.8,0.2,0.4,2,4.5,0.575,12.2
66,Mikal Bridges,SF,22,PHO,80,54,29.2,2.9,6.8,0.425,1.3,3.8,0.333,1.6,3,0.542,0.518,1.1,1.4,0.805,0.7,2.5,3.2,2.1,1.6,0.5,0.9,2.5,8.2,0.552,12.2
67,Miles Bridges,SF,20,CHO,77,22,20.7,2.8,6.2,0.456,0.8,2.4,0.316,2.1,3.8,0.546,0.518,0.7,0.9,0.75,0.8,3.2,4,1.1,0.7,0.5,0.6,1.4,7.2,0.538,15.1
68,Isaiah Briscoe,PG,22,ORL,39,0,14.3,1.4,3.5,0.399,0.3,0.9,0.324,1.1,2.7,0.423,0.438,0.4,0.7,0.577,0.1,1.8,1.9,2.2,0.3,0.1,0.8,1.7,3.5,0.455,14.1
69,Ryan Broekhoff,SG,28,DAL,39,0,10.5,1.4,2.9,0.47,0.9,2.2,0.417,0.5,0.8,0.613,0.622,0.3,0.4,0.765,0.2,1.3,1.5,0.5,0.1,0.1,0.3,0.8,4,0.637,14.1
70,Malcolm Brogdon,SG,26,MIL,64,64,28.6,5.9,11.7,0.505,1.6,3.8,0.426,4.3,7.9,0.544,0.575,2.2,2.4,0.928,1,3.5,4.5,3.2,0.7,0.2,1.4,1.6,15.6,0.614,20.7
71,Dillon Brooks,SF,23,MEM,18,0,18.3,2.7,6.8,0.402,0.8,2.2,0.375,1.9,4.6,0.415,0.463,1.2,1.7,0.733,0.5,1.2,1.7,0.9,0.6,0.2,1.1,2.8,7.5,0.499,20.9
72,MarShon Brooks,SG,30,MEM,29,0,13.3,2.6,5.8,0.45,0.5,1.9,0.278,2.1,4,0.53,0.494,0.8,1.1,0.697,0.4,1.1,1.6,0.9,0.3,0.1,0.7,1.1,6.6,0.518,23.6
73,Bruce Brown,SG,22,DET,71,53,19.5,1.7,4.3,0.391,0.3,1.3,0.261,1.3,3,0.448,0.43,0.5,0.8,0.722,0.6,1.8,2.5,1.2,0.5,0.5,0.6,2.4,4.2,0.459,11.6
74,Jaylen Brown,SG,22,BOS,72,24,26,5,10.7,0.463,1.3,3.7,0.342,3.7,7,0.528,0.523,1.8,2.7,0.663,0.9,3.4,4.3,1.3,0.9,0.4,1.3,2.5,13,0.546,22
75,Lorenzo Brown,PG,28,TOR,26,0,8.2,0.9,2.7,0.324,0.2,1.1,0.214,0.7,1.7,0.395,0.366,0.1,0.1,1,0.2,1,1.2,1.1,0.5,0.2,0.6,0.8,2.1,0.38,17.9
76,Sterling Brown,SG,23,MIL,55,5,17.4,2.5,5.3,0.466,0.9,2.5,0.371,1.5,2.7,0.553,0.555,0.4,0.6,0.688,0.5,2.6,3.1,1.4,0.5,0.1,0.7,1.5,6.3,0.566,15.1
77,Troy Brown,SF,19,WAS,50,8,13.5,1.8,4.3,0.416,0.4,1.2,0.323,1.4,3,0.454,0.463,0.6,0.9,0.681,0.7,2,2.7,1.5,0.4,0.1,0.5,1.1,4.6,0.49,16.5
78,Jalen Brunson,PG,22,DAL,70,36,21.5,3.6,7.7,0.47,0.9,2.5,0.358,2.7,5.2,0.523,0.528,1.1,1.6,0.727,0.4,1.9,2.3,3,0.5,0.1,1.2,1.7,9.2,0.553,19
79,Thomas Bryant,C,21,WAS,70,51,20.8,4.2,6.9,0.612,0.4,1.4,0.326,3.8,5.6,0.681,0.644,1.5,1.9,0.782,1.6,4.7,6.3,1.3,0.3,0.9,0.8,1.8,10.4,0.67,17.5
80,Reggie Bullock,SG,27,TOT,63,60,29.8,3.9,9.4,0.412,2.3,6.2,0.377,1.5,3.2,0.483,0.537,1.2,1.3,0.859,0.3,2.4,2.7,2,0.6,0.2,1,1.7,11.3,0.563,15.8
80,Reggie Bullock,SG,27,DET,44,44,30.8,4.1,10,0.413,2.6,6.7,0.388,1.5,3.3,0.463,0.542,1.3,1.5,0.875,0.5,2.3,2.8,2.5,0.5,0.1,1.2,1.8,12.1,0.569,16.6
80,Reggie Bullock,SG,27,LAL,19,16,27.6,3.3,8.1,0.412,1.8,5.2,0.343,1.5,2.8,0.537,0.523,0.9,1.1,0.81,0.1,2.5,2.6,1.1,0.8,0.4,0.6,1.6,9.3,0.545,13.7
81,Trey Burke,PG,26,TOT,55,8,19.5,4.1,9.5,0.429,0.9,2.6,0.347,3.2,6.9,0.46,0.477,1.8,2.1,0.822,0.5,1.2,1.7,2.7,0.6,0.1,0.9,0.9,10.8,0.518,24.8
81,Trey Burke,PG,26,NYK,33,7,20.9,4.5,10.8,0.413,0.9,2.6,0.349,3.6,8.2,0.434,0.455,1.9,2.3,0.827,0.5,1.4,1.9,2.8,0.6,0.2,0.9,1,11.8,0.496,26
81,Trey Burke,PG,26,DAL,22,1,17.3,3.5,7.5,0.463,0.9,2.6,0.345,2.5,4.8,0.528,0.524,1.6,2,0.814,0.5,1,1.5,2.5,0.5,0.1,0.9,0.9,9.4,0.566,22.8
82,Alec Burks,SG,27,TOT,64,24,21.5,3,7.4,0.405,1,2.6,0.363,2,4.8,0.428,0.469,1.8,2.2,0.823,0.5,3.2,3.7,2,0.6,0.3,1,1.4,8.8,0.523,19
82,Alec Burks,SG,27,UTA,17,0,15.8,2.8,6.7,0.412,0.9,2.5,0.372,1.8,4.2,0.437,0.482,1.9,2.2,0.868,0.1,1.5,1.6,1.2,0.4,0.2,0.9,1.3,8.4,0.547,23.2
82,Alec Burks,SG,27,CLE,34,24,28.8,4,10,0.4,1.3,3.5,0.378,2.7,6.5,0.412,0.466,2.3,2.9,0.806,0.8,4.7,5.5,2.9,0.7,0.5,1.4,1.8,11.6,0.517,19.2
82,Alec Burks,SG,27,SAC,13,0,9.8,0.7,1.5,0.45,0,0.5,0,0.7,1.1,0.643,0.45,0.3,0.4,0.8,0.2,1.5,1.7,0.8,0.6,0.1,0.3,0.5,1.7,0.495,8.5
83,Deonte Burton,SG,25,OKC,31,0,7.7,1.1,2.6,0.402,0.3,0.9,0.296,0.8,1.8,0.455,0.451,0.3,0.4,0.667,0.1,0.8,0.9,0.3,0.2,0.3,0.3,1,2.6,0.47,16.4
84,Jimmy Butler,SF-SG,29,TOT,64,64,33.9,6.5,14,0.463,1,3,0.349,5.5,11,0.494,0.5,4.9,5.7,0.855,1.9,3.4,5.3,4.1,1.9,0.6,1.5,1.7,18.9,0.571,22.3
84,Jimmy Butler,SG,29,MIN,10,10,36.1,7.4,15.7,0.471,1.7,4.5,0.378,5.7,11.2,0.509,0.525,4.8,6.1,0.787,1.6,3.6,5.2,4.3,2.4,1,1.4,1.8,21.3,0.579,23
84,Jimmy Butler,SF,29,PHI,54,54,33.5,6.3,13.7,0.461,0.9,2.7,0.34,5.4,11,0.491,0.495,4.9,5.6,0.868,2,3.4,5.4,4.1,1.8,0.5,1.5,1.7,18.5,0.57,22.1
85,Bruno Caboclo,SF,23,MEM,31,16,22.7,2.5,6.1,0.415,1.3,3.6,0.36,1.2,2.5,0.494,0.521,1.2,1.5,0.822,1.2,3.1,4.3,1.4,0.4,1,1.1,2.3,7.5,0.561,15.3
86,Jose Calderon,PG,37,DET,48,0,13.1,0.9,2.5,0.378,0.3,1.2,0.25,0.6,1.3,0.492,0.437,0.2,0.2,0.818,0.2,1,1.3,2.4,0.3,0.1,0.7,1.3,2.4,0.456,10.9
87,Kentavious Caldwell-Pope,SG,25,LAL,80,21,24.4,3.8,8.8,0.428,1.8,5.2,0.35,2,3.6,0.54,0.531,1.6,1.8,0.883,0.6,2.3,2.8,1.2,0.9,0.2,0.8,1.7,10.9,0.57,17.6
88,Isaiah Canaan,PG,27,TOT,30,16,21,2.1,5.5,0.39,1.1,3.2,0.354,1,2.3,0.441,0.494,0.6,0.8,0.792,0.2,1.7,1.9,2.8,0.5,0.1,1.2,1.7,6,0.518,14.2
88,Isaiah Canaan,PG,27,PHO,19,15,26.5,2.7,6.8,0.395,1.3,3.8,0.347,1.4,3,0.456,0.492,0.8,1.1,0.75,0.3,2.3,2.6,3.3,0.6,0,1.5,2.4,7.5,0.515,14.2
88,Isaiah Canaan,PG,27,MIN,7,1,13.6,1.6,4.1,0.379,1,2.7,0.368,0.6,1.4,0.4,0.5,0.6,0.6,1,0,0.7,0.7,2.7,0.3,0.1,0.6,0.6,4.7,0.536,15.3
88,Isaiah Canaan,PG,27,MIL,4,0,7.8,0.5,1.5,0.333,0.5,1.3,0.4,0,0.3,0,0.5,0,0,,0.3,0.8,1,0.8,0,0.3,0.5,0.5,1.5,0.5,10.8
89,Clint Capela,C,24,HOU,65,65,33.6,7.1,11,0.644,0,0,,7.1,11,0.644,0.644,2.4,3.8,0.632,4.4,8.2,12.7,1.4,0.7,1.5,1.4,2.5,16.5,0.654,18.1
90,DeMarre Carroll,PF,32,BRK,65,6,25.6,3.4,8.6,0.398,1.6,4.7,0.35,1.8,4,0.455,0.493,2.8,3.7,0.76,1,4.2,5.2,1.3,0.5,0.2,1.1,1.7,11.3,0.552,18.7
91,Jevon Carter,PG,23,MEM,36,3,14.4,1.1,4.4,0.253,0.6,2.3,0.25,0.5,2.1,0.257,0.32,0.6,0.7,0.769,0.3,1.3,1.6,1.8,0.7,0.3,0.9,1.4,3.4,0.357,17.4
92,Vince Carter,SF,42,ATL,74,9,17.4,2.6,6.1,0.43,1.7,4.1,0.402,1,2,0.486,0.565,0.6,0.8,0.705,0.4,2.1,2.5,1.1,0.6,0.3,0.6,1.8,7.5,0.578,16.7
93,Wendell Carter,C,19,CHI,44,44,25.2,4.1,8.4,0.485,0.1,0.7,0.188,4,7.7,0.513,0.493,2,2.5,0.795,2,5,7,1.8,0.6,1.3,1.5,3.5,10.3,0.541,19.1
94,Michael Carter-Williams,PG,27,TOT,26,1,12.8,1.7,4.4,0.374,0.4,1.4,0.27,1.3,3,0.423,0.417,1,1.7,0.578,0.7,1.7,2.4,2.3,0.6,0.5,0.7,1.7,4.7,0.453,20
94,Michael Carter-Williams,PG,27,HOU,16,1,9.1,1.6,3.8,0.41,0.4,1.2,0.368,1.1,2.6,0.429,0.467,0.8,1.6,0.462,0.2,0.6,0.8,1.3,0.6,0.4,0.6,1.7,4.3,0.476,24.7
94,Michael Carter-Williams,PG,27,ORL,10,0,18.9,1.8,5.4,0.333,0.3,1.8,0.167,1.5,3.6,0.417,0.361,1.4,1.9,0.737,1.4,3.5,4.9,3.9,0.7,0.8,0.9,1.6,5.3,0.425,16.4
95,Alex Caruso,PG,24,LAL,23,2,19.5,2.8,6,0.467,1,2,0.533,1.7,4,0.435,0.555,2,2.5,0.81,0.8,1.8,2.6,2.3,1,0.3,1.3,2,8.7,0.612,17.8
96,Omri Casspi,SF,30,MEM,36,0,14.4,2.4,4.5,0.534,0.4,1.2,0.349,2,3.3,0.602,0.581,1.1,1.6,0.672,0.5,2.7,3.2,0.7,0.6,0.3,0.6,1,6.3,0.606,18
97,Willie Cauley-Stein,C,25,SAC,79,79,27.5,5.1,9.3,0.555,0,0,0.5,5.1,9.2,0.556,0.556,1.7,3.1,0.544,2.2,6.2,8.4,2.4,1.2,0.6,1.1,2.8,12,0.564,17.5
98,Troy Caupain,PG,23,ORL,4,0,4,1,2,0.5,0.5,0.8,0.667,0.5,1.3,0.4,0.625,0,0,,0.3,0.5,0.8,1,0.3,0,0,0,2.5,0.625,21.8
99,Tyler Cavanaugh,PF,24,UTA,9,0,2.4,0.3,0.9,0.375,0.1,0.6,0.2,0.2,0.3,0.667,0.438,0.2,0.2,1,0.1,0.4,0.6,0,0,0,0.1,0,1,0.507,19.2
100,Tyson Chandler,C,36,TOT,55,6,15.9,1.1,1.8,0.616,0,0,0,1.1,1.8,0.622,0.616,0.9,1.6,0.586,1.7,3.9,5.6,0.7,0.4,0.4,0.8,2,3.1,0.63,8.5
100,Tyson Chandler,C,36,PHO,7,0,12.7,1.1,1.7,0.667,0,0,,1.1,1.7,0.667,0.667,1.4,2.6,0.556,1,4.6,5.6,0.9,0.3,0.1,1,3,3.7,0.653,13
100,Tyson Chandler,C,36,LAL,48,6,16.4,1.1,1.8,0.609,0,0,0,1.1,1.8,0.616,0.609,0.9,1.4,0.594,1.8,3.8,5.6,0.6,0.4,0.5,0.7,1.9,3.1,0.626,8
101,Wilson Chandler,PF-SF,31,TOT,49,32,23.1,2.2,5.3,0.421,1.2,3.1,0.38,1.1,2.2,0.477,0.531,0.3,0.5,0.739,1,3.3,4.2,1.6,0.5,0.4,0.9,2.4,6,0.543,11.6
101,Wilson Chandler,PF,31,PHI,36,32,26.4,2.5,5.8,0.44,1.3,3.3,0.39,1.3,2.5,0.506,0.551,0.4,0.5,0.722,1.2,3.4,4.7,2,0.6,0.5,1.1,2.6,6.7,0.561,11.2
101,Wilson Chandler,SF,31,LAC,13,0,14.1,1.4,4,0.346,0.8,2.5,0.344,0.5,1.5,0.35,0.452,0.3,0.4,0.8,0.2,2.8,3,0.5,0.2,0.2,0.4,1.8,3.9,0.47,13.7
102,Joe Chealey,PG,23,CHO,1,0,8,1,3,0.333,0,0,,1,3,0.333,0.333,0,0,,0,0,0,1,0,0,0,1,2,0.333,16.1
103,Chris Chiozza,PG,23,HOU,6,0,4.5,0.3,1.2,0.286,0.3,0.7,0.5,0,0.5,0,0.429,0,0,,0.2,0.3,0.5,0.5,0.2,0,0.2,0.3,1,0.429,12.9
104,Marquese Chriss,PF,21,TOT,41,2,11.5,1.5,4.1,0.377,0.4,1.7,0.232,1.1,2.4,0.48,0.425,0.7,1,0.732,0.9,2.4,3.3,0.5,0.4,0.3,0.9,1.9,4.2,0.465,20.4
104,Marquese Chriss,PF,21,HOU,16,0,6.5,0.7,2.1,0.324,0.1,0.9,0.067,0.6,1.2,0.526,0.338,0.4,0.4,0.857,0.4,1.3,1.8,0.4,0.1,0.3,0.8,1.1,1.8,0.391,20.5
104,Marquese Chriss,PF,21,CLE,25,2,14.8,2.1,5.3,0.391,0.6,2.2,0.278,1.5,3.2,0.468,0.447,1,1.4,0.706,1.2,3,4.2,0.6,0.5,0.3,1,2.4,5.7,0.483,20.4
105,Gary Clark,PF,24,HOU,50,2,12.6,1,2.9,0.327,0.8,2.7,0.291,0.2,0.3,0.692,0.459,0.1,0.1,1,0.4,1.8,2.2,0.4,0.4,0.5,0.1,0.9,2.8,0.473,10.8
106,Ian Clark,SG,27,NOP,58,4,15.5,2.3,5.9,0.388,1,3.1,0.316,1.3,2.8,0.466,0.471,0.5,0.6,0.909,0.2,1.3,1.4,1.5,0.3,0.1,1,1.6,6,0.494,18.8
107,Jordan Clarkson,SG,26,CLE,79,0,27.4,6.6,14.7,0.45,1.8,5.5,0.325,4.8,9.1,0.525,0.511,2.1,2.4,0.848,1,2.4,3.4,2.4,0.7,0.2,1.6,1.4,17,0.541,27.7
108,John Collins,PF,21,ATL,60,58,29.9,7.6,13.6,0.56,0.9,2.6,0.346,6.7,11,0.611,0.593,3.3,4.4,0.763,3.5,6,9.5,1.9,0.4,0.6,2,3.3,19.5,0.627,23.8
109,Zach Collins,C,21,POR,74,0,17.7,2.4,5.2,0.47,0.5,1.6,0.331,1.9,3.6,0.532,0.521,1.2,1.7,0.742,1.4,2.8,4.2,0.9,0.3,0.8,1,2.3,6.7,0.561,16.5
110,Darren Collison,PG,31,IND,74,74,28.4,4.1,8.7,0.474,1.1,2.6,0.418,3.1,6.1,0.497,0.535,2.1,2.5,0.828,0.5,2.6,3.1,6.1,1.4,0.1,1.6,1.8,11.4,0.581,17.6
111,Bonzie Colson,SF,23,MIL,6,1,8.2,1,3.7,0.273,0.3,1.8,0.182,0.7,1.8,0.364,0.318,0.7,0.7,1,1,2.2,3.2,0.5,0.2,0.2,0.2,0.5,3,0.379,21.2
112,Mike Conley,PG,31,MEM,70,70,33.5,7,16,0.438,2.2,6.1,0.364,4.8,9.9,0.483,0.507,4.9,5.8,0.845,0.6,2.8,3.4,6.4,1.3,0.3,1.9,1.8,21.1,0.569,27.3
113,Pat Connaughton,SG,26,MIL,58,2,20.5,2.6,5.6,0.457,1.1,3.2,0.324,1.5,2.4,0.638,0.551,0.5,0.7,0.744,1,3.2,4.2,2,0.5,0.4,0.5,1.3,6.7,0.565,13.2
114,Quinn Cook,PG,25,GSW,71,9,13.9,2.6,5.7,0.463,1.1,2.7,0.405,1.6,3,0.514,0.558,0.2,0.3,0.773,0.3,1.8,2.1,1.5,0.3,0,0.6,1.2,6.6,0.565,20
115,DeMarcus Cousins,C,28,GSW,28,28,25.5,6,12.1,0.494,0.8,3,0.277,5.1,9.1,0.565,0.528,3.5,4.7,0.742,1.5,6.6,8.1,3.5,1.3,1.5,2.3,3.7,16.3,0.574,27.7
116,Robert Covington,SF,28,TOT,35,35,34.4,4.5,10.3,0.431,2.4,6.4,0.378,2,3.9,0.518,0.548,1.9,2.5,0.764,0.8,4.7,5.5,1.3,2.1,1.3,1.3,3.6,13.3,0.58,15.6
116,Robert Covington,SF,28,PHI,13,13,33.8,3.8,9,0.427,2.3,5.9,0.39,1.5,3.1,0.5,0.556,1.3,1.8,0.739,0.5,4.6,5.2,1.1,1.8,1.8,1.7,3.5,11.3,0.578,14.2
116,Robert Covington,SF,28,MIN,22,22,34.7,4.8,11.1,0.433,2.5,6.7,0.372,2.3,4.4,0.526,0.545,2.3,3,0.773,1,4.8,5.7,1.5,2.3,1.1,1.1,3.7,14.5,0.58,16.4
117,Allen Crabbe,SG,26,BRK,43,20,26.3,3.2,8.7,0.367,2.3,6,0.378,0.9,2.7,0.342,0.499,1,1.3,0.732,0.4,3.1,3.4,1.1,0.5,0.3,1.1,2.4,9.6,0.519,16.5
118,Torrey Craig,SF,28,DEN,72,37,20.1,2.1,4.9,0.438,0.8,2.5,0.309,1.4,2.4,0.573,0.517,0.6,0.9,0.697,1.2,2.3,3.6,0.9,0.5,0.6,0.6,2.3,5.7,0.538,12.5
119,Jamal Crawford,SG,38,PHO,62,0,18.5,2.4,6.3,0.376,0.9,2.9,0.309,1.5,3.4,0.433,0.448,1.3,1.5,0.833,0.1,1.1,1.2,3.5,0.5,0.2,1.5,1.1,6.9,0.496,19.7
120,Mitch Creek,SF,26,BRK,4,0,9,1.3,2.5,0.5,0,0.3,0,1.3,2.3,0.556,0.5,1.3,1.8,0.714,1.3,1.3,2.5,1.3,0.3,0,0,0.8,3.8,0.573,15.3
121,Jae Crowder,SF,28,UTA,77,10,27.3,4,10,0.397,2.2,6.6,0.329,1.8,3.4,0.528,0.505,1.8,2.5,0.714,0.8,4,4.8,1.7,0.8,0.4,1.1,2.2,11.9,0.535,19.1
122,Dante Cunningham,PF,31,SAS,63,21,14.7,1.2,2.5,0.481,0.5,1,0.469,0.7,1.5,0.489,0.577,0.2,0.3,0.778,0.8,2.2,3,0.8,0.4,0.2,0.3,1.1,3.1,0.592,8.9
123,Seth Curry,SG,28,POR,72,2,18.7,2.8,6.2,0.451,1.5,3.3,0.448,1.3,2.8,0.456,0.572,0.6,0.7,0.846,0.4,1.2,1.6,0.9,0.5,0.2,0.8,1.3,7.7,0.591,16.4
124,Stephen Curry,PG,30,GSW,67,67,34.2,9.2,19.6,0.47,5.2,11.9,0.439,4,7.7,0.519,0.603,3.9,4.3,0.916,0.7,4.7,5.4,5.3,1.4,0.4,2.8,2.4,27.6,0.641,30.4
125,Troy Daniels,SG,27,PHO,49,1,14.8,2.3,5.4,0.424,1.5,3.8,0.392,0.8,1.6,0.5,0.563,0.4,0.5,0.783,0.2,1.2,1.4,0.5,0.5,0.1,0.6,1.5,6.4,0.575,17.9
126,Anthony Davis,C,25,NOP,56,56,33,9.5,18.3,0.517,0.9,2.6,0.331,8.6,15.7,0.547,0.54,6.1,7.7,0.794,3.1,8.9,12,3.9,1.6,2.4,2,2.4,25.9,0.597,29.5
127,Deyonta Davis,C,22,ATL,7,0,14.6,1.7,2.7,0.632,0,0.1,0,1.7,2.6,0.667,0.632,0.6,0.9,0.667,1.1,3.6,4.7,0.6,0.4,0.7,0.4,1.7,4,0.647,9.8
128,Ed Davis,C,29,BRK,78,1,18,2.3,3.7,0.61,0,0,0,2.3,3.7,0.614,0.61,1.2,2,0.619,2.7,6,8.7,0.8,0.4,0.4,0.8,2.9,5.8,0.627,12.7
129,Tyler Davis,C,21,OKC,1,0,1,0,1,0,0,0,,0,1,0,0,0,0,,1,0,1,0,0,0,0,0,0,0,40.7
130,Dewayne Dedmon,C,29,ATL,64,52,25.1,4,8.2,0.492,1.3,3.4,0.382,2.8,4.8,0.57,0.571,1.4,1.8,0.814,1.6,5.9,7.5,1.4,1.1,1.1,1.3,3.3,10.8,0.602,16.7
131,Sam Dekker,PF,24,TOT,45,5,16.3,2.6,5.2,0.487,0.4,1.2,0.321,2.2,4.1,0.536,0.523,0.6,1,0.609,1,2,3,1,0.8,0.2,0.5,1,6.1,0.537,16.2
131,Sam Dekker,PF,24,CLE,9,5,18.8,2.4,5.3,0.458,0.6,1.4,0.385,1.9,3.9,0.486,0.51,0.9,1.1,0.8,1,2.7,3.7,1,1.2,0,0.6,1.4,6.3,0.544,14.8
131,Sam Dekker,PF,24,WAS,36,0,15.7,2.6,5.2,0.495,0.3,1.1,0.3,2.3,4.1,0.547,0.527,0.6,1,0.556,1.1,1.8,2.9,1,0.7,0.2,0.5,0.9,6.1,0.535,16.6
132,Angel Delgado,C,24,LAC,2,0,7.5,0.5,2.5,0.2,0,0,,0.5,2.5,0.2,0.2,0.5,1,0.5,1,1,2,0,0.5,0,0,1,1.5,0.255,16.5
133,Matthew Dellavedova,PG,28,TOT,48,0,16.9,2,5,0.405,0.9,2.7,0.338,1.1,2.3,0.482,0.496,0.9,1.1,0.808,0.1,1.5,1.6,3.8,0.3,0,1.4,1.6,5.9,0.532,17.8
133,Matthew Dellavedova,PG,28,MIL,12,0,8.1,0.5,1.6,0.316,0.3,0.9,0.364,0.2,0.7,0.25,0.421,0.3,0.3,1,0,0.8,0.8,2.4,0.2,0,0.9,0.8,1.7,0.482,13.7
133,Matthew Dellavedova,PG,28,CLE,36,0,19.9,2.6,6.2,0.413,1.1,3.3,0.336,1.4,2.9,0.5,0.502,1.1,1.3,0.792,0.2,1.7,1.9,4.2,0.3,0.1,1.6,1.8,7.3,0.537,18.4
134,Luol Deng,SF,33,MIN,22,2,17.8,2.7,5.4,0.5,0.6,2,0.318,2,3.4,0.608,0.559,1.1,1.6,0.714,0.9,2.4,3.3,0.8,0.7,0.4,0.6,1.1,7.1,0.588,15.8
135,DeMar DeRozan,SG,29,SAS,75,75,35,8.3,17.2,0.481,0.1,0.6,0.159,8.2,16.6,0.492,0.484,4.7,5.7,0.829,0.7,5.3,6.1,6.2,1.1,0.5,2.6,2.3,21.4,0.542,28
136,Marcus Derrickson,PF,22,GSW,9,0,6,1.1,2.7,0.417,0.6,1.6,0.357,0.6,1.1,0.5,0.521,0.3,0.4,0.75,0.6,0.3,0.9,0.1,0,0.1,0.3,1,3.1,0.543,22.8
137,Cheick Diallo,PF,22,NOP,62,1,13.6,2.6,4.2,0.614,0,0,0,2.6,4.1,0.621,0.614,0.8,1.1,0.746,1.2,3.9,5.1,0.4,0.5,0.5,0.7,1.7,5.9,0.638,16.3
138,Hamidou Diallo,SG,20,OKC,51,3,10.3,1.5,3.2,0.455,0.1,0.5,0.167,1.4,2.8,0.504,0.467,0.7,1.2,0.61,0.7,1.2,1.9,0.3,0.4,0.2,0.5,1.5,3.7,0.497,16.6
139,Gorgui Dieng,C,29,MIN,73,0,13.1,2.4,4.7,0.506,0.2,0.7,0.314,2.1,4,0.54,0.529,1.1,1.3,0.827,1,2.9,4,0.9,0.6,0.5,0.7,1.7,6,0.576,19
140,Spencer Dinwiddie,PG,25,BRK,65,4,28.2,5.5,12.4,0.443,1.8,5.4,0.34,3.6,7,0.524,0.518,4.3,5.4,0.802,0.4,2.1,2.5,4.6,0.6,0.3,2.2,2.8,17.1,0.581,25.3
141,Donte DiVincenzo,SG,22,MIL,27,0,15.2,1.9,4.6,0.403,0.8,3.1,0.265,1,1.5,0.683,0.492,0.3,0.4,0.75,0.6,1.8,2.4,1.1,0.5,0.2,0.7,1.4,4.9,0.507,15.1
142,Luka Doncic,SG,19,DAL,71,71,32.2,7,16.5,0.427,2.3,7.2,0.326,4.7,9.3,0.504,0.497,4.8,6.7,0.711,1.2,6.5,7.7,5.9,1,0.4,3.4,1.9,21.2,0.545,30.6
143,Tyler Dorsey,SG,22,TOT,45,8,13.4,2,5,0.4,0.8,2.5,0.324,1.2,2.5,0.474,0.48,0.8,1.3,0.614,0.5,1.8,2.3,1,0.3,0,0.5,1.1,5.6,0.502,19.3
143,Tyler Dorsey,SG,22,ATL,27,0,9.3,1.2,3.3,0.36,0.4,1.4,0.256,0.8,1.9,0.44,0.416,0.6,1,0.615,0.3,1.3,1.6,0.6,0.3,0,0.4,0.7,3.3,0.448,17.9
143,Tyler Dorsey,SG,22,MEM,18,8,19.6,3.2,7.6,0.426,1.4,4,0.361,1.8,3.6,0.5,0.522,1.1,1.7,0.613,0.7,2.6,3.3,1.7,0.3,0.1,0.6,1.6,8.9,0.538,20.3
144,Damyean Dotson,SG,24,NYK,70,37,27.2,4,9.6,0.418,1.7,4.7,0.367,2.3,4.9,0.468,0.508,1,1.4,0.745,0.5,3.1,3.6,1.8,0.8,0.1,0.9,1.9,10.8,0.529,17.5
145,PJ Dozier,SG,22,BOS,5,0,2.8,0.6,1.4,0.429,0.2,0.4,0.5,0.4,1,0.4,0.5,0,0,,0.4,0.8,1.2,0,0,0,0,0.2,1.4,0.5,21.6
146,Goran Dragic,PG,32,MIA,33,19,27.6,5.2,12.4,0.424,1.7,4.8,0.35,3.6,7.6,0.47,0.491,2.4,3,0.788,0.5,2.5,3.1,4.7,0.8,0.2,2,2.3,14.5,0.53,24.4
147,Andre Drummond,C,25,DET,76,76,33.4,7.1,13.3,0.532,0.1,0.5,0.132,7,12.8,0.547,0.534,3.1,5.2,0.587,5.3,10.2,15.4,1.4,1.7,1.7,2.2,3.4,17.3,0.554,23
148,Jared Dudley,PF,33,BRK,57,25,20.5,1.7,3.9,0.422,0.9,2.5,0.348,0.8,1.5,0.548,0.531,0.5,0.7,0.65,0.5,2,2.5,1.4,0.6,0.3,0.7,2.2,4.6,0.546,10.2
149,Kris Dunn,PG,24,CHI,46,44,30.2,4.7,11,0.425,0.7,2.1,0.354,3.9,8.9,0.441,0.458,1.2,1.5,0.797,0.4,3.7,4.1,6,1.5,0.5,2.3,3.6,11.3,0.484,20.1
150,Kevin Durant,PF,30,GSW,76,76,34.9,9.3,18,0.518,1.8,5.1,0.354,7.5,12.9,0.582,0.568,5.8,6.5,0.885,0.4,6.1,6.5,5.8,0.7,1.1,2.9,2,26.2,0.628,29.1
151,Trevon Duval,PG,20,MIL,3,0,2,0.7,1,0.667,0.3,0.3,1,0.3,0.7,0.5,0.833,0,0,,0,0.3,0.3,0.7,0,0,0,0,1.7,0.833,21
152,Vince Edwards,SF,22,HOU,2,0,8,0.5,2,0.25,0.5,2,0.25,0,0,,0.375,0,0,,0.5,0.5,1,0,0,0,0,0,1.5,0.375,10.9
153,Henry Ellenson,PF,22,TOT,16,0,12.9,1.9,4.8,0.395,0.8,1.9,0.4,1.1,2.9,0.391,0.474,0.9,1.2,0.789,0.3,3.1,3.4,0.9,0.4,0,0.6,1.2,5.4,0.516,19.3
153,Henry Ellenson,PF,22,DET,2,0,12.5,2,5,0.4,1,2,0.5,1,3,0.333,0.5,1,1,1,0,4.5,4.5,0.5,0,0,0,1,6,0.551,18.8
153,Henry Ellenson,PF,22,NYK,14,0,12.9,1.9,4.7,0.394,0.7,1.9,0.385,1.1,2.9,0.4,0.47,0.9,1.2,0.765,0.3,2.9,3.2,0.9,0.5,0,0.6,1.2,5.4,0.51,19.4
154,Wayne Ellington,SG,31,TOT,50,35,24.2,3.5,8.6,0.409,2.6,7,0.375,0.9,1.6,0.557,0.562,0.6,0.8,0.756,0.3,1.7,2,1.3,1,0.1,0.7,1.8,10.2,0.574,17.1
154,Wayne Ellington,SG,31,MIA,25,12,21.3,2.8,7.4,0.375,2.3,6.2,0.368,0.5,1.2,0.414,0.53,0.6,0.6,0.875,0.2,1.6,1.9,1.2,1,0.1,0.6,1.6,8.4,0.547,16.5
154,Wayne Ellington,SG,31,DET,25,23,27,4.2,9.8,0.434,3,7.8,0.381,1.3,2,0.64,0.586,0.7,1,0.68,0.3,1.8,2.1,1.5,1,0.1,0.9,1.9,12.1,0.594,17.7
155,Joel Embiid,C,24,PHI,63,63,33.8,9.1,18.8,0.483,1.3,4.1,0.304,7.8,14.7,0.533,0.516,8.3,10.2,0.809,2.5,11.1,13.7,3.6,0.7,1.9,3.6,3.3,27.6,0.594,33.3
156,James Ennis,SF,28,TOT,58,27,21.2,2.4,5.1,0.469,0.9,2.7,0.353,1.4,2.4,0.601,0.563,1,1.4,0.716,1,2.1,3.1,0.7,0.7,0.4,0.6,2.6,6.7,0.59,12.7
156,James Ennis,SF,28,HOU,40,25,23.7,2.6,5.3,0.493,1.1,3,0.367,1.5,2.3,0.659,0.597,1.1,1.5,0.724,0.9,2,2.9,0.7,1,0.4,0.6,2.8,7.4,0.622,11.9
156,James Ennis,SF,28,PHI,18,2,15.6,1.9,4.6,0.41,0.6,2,0.306,1.3,2.6,0.489,0.476,0.9,1.3,0.696,1.3,2.3,3.6,0.8,0.2,0.4,0.6,2.2,5.3,0.51,15.5
157,Drew Eubanks,PF,21,SAS,22,0,5,0.7,1.1,0.6,0,0,,0.7,1.1,0.6,0.6,0.5,0.6,0.846,0.3,1.3,1.5,0.3,0.1,0.2,0.4,0.5,1.9,0.667,15.4
158,Jacob Evans,SG,21,GSW,28,0,5.1,0.4,1.3,0.278,0,0.3,0.125,0.3,1,0.321,0.292,0,0,0,0.1,0.5,0.6,0.6,0.1,0,0.3,0.8,0.8,0.288,13.1
159,Jawun Evans,PG,22,PHO,7,0,9.1,0.4,1.9,0.231,0,0.3,0,0.4,1.6,0.273,0.231,0,0,,0.1,1.6,1.7,1.4,0.4,0,0.9,1.1,0.9,0.231,12.8
160,Tyreke Evans,SG,29,IND,68,17,20.2,3.6,9.5,0.384,1.1,3.1,0.346,2.6,6.4,0.402,0.44,1.6,2.3,0.716,0.5,2.4,2.9,2.4,0.9,0.3,1.7,1.7,10,0.475,26.4
161,Dante Exum,PG,23,UTA,42,1,15.8,2.4,5.7,0.419,0.4,1.5,0.29,2,4.3,0.464,0.456,1.6,2,0.791,0.4,1.2,1.6,2.6,0.3,0.1,1.2,1.6,6.9,0.516,21.3
162,Kenneth Faried,C,29,TOT,36,13,20,4.3,7.3,0.586,0.2,0.7,0.333,4,6.6,0.612,0.602,1.8,2.7,0.643,2.6,4.2,6.9,0.6,0.5,0.6,0.9,2.3,10.5,0.62,20.2
162,Kenneth Faried,C,29,BRK,12,0,9.8,2.1,3.5,0.595,0.1,0.4,0.2,2,3.1,0.649,0.607,0.8,1.3,0.625,1.3,2.4,3.7,0.2,0.2,0.3,0.5,0.7,5.1,0.622,19.6
162,Kenneth Faried,C,29,HOU,24,13,25.1,5.3,9.1,0.584,0.3,0.8,0.368,5,8.3,0.605,0.6,2.2,3.4,0.646,3.3,5.1,8.5,0.8,0.6,0.8,1.1,3.1,13.2,0.619,20.4
163,Derrick Favors,C,27,UTA,75,69,23.3,4.7,8.1,0.586,0.2,1,0.221,4.5,7.1,0.64,0.6,2,3,0.676,2.7,4.7,7.4,1.2,0.7,1.4,1.1,2.1,11.7,0.624,19.3
164,Cristiano Felicio,C,26,CHI,57,0,12,1.6,2.9,0.545,0,0.1,0,1.6,2.9,0.558,0.545,0.8,1.2,0.712,1.3,2.2,3.5,0.6,0.2,0.1,0.5,1.1,4,0.584,14.5
165,Raymond Felton,PG,34,OKC,30,0,11.2,1.6,4.1,0.402,0.5,1.7,0.275,1.2,2.4,0.493,0.459,0.4,0.4,0.923,0.1,0.8,0.9,1.4,0.3,0.2,0.4,0.9,4.1,0.485,17.1
166,Terrance Ferguson,SG,20,OKC,71,71,26,2.4,5.7,0.421,1.4,3.8,0.36,1,1.9,0.545,0.542,0.5,0.7,0.729,0.4,1.4,1.8,0.9,0.6,0.2,0.6,3.1,6.7,0.556,10.3
167,Yogi Ferrell,PG,25,SAC,69,3,14.8,2.1,4.8,0.432,0.7,2,0.357,1.4,2.8,0.487,0.508,0.9,1,0.896,0.2,1.3,1.5,1.9,0.5,0.1,0.6,0.9,5.8,0.549,16.3
168,Dorian Finney-Smith,SF,25,DAL,78,26,24.4,2.7,6.3,0.435,1,3.1,0.318,1.8,3.2,0.546,0.512,0.9,1.3,0.7,1.6,3,4.7,1.1,0.9,0.5,0.9,2.3,7.3,0.536,13.7
169,Bryn Forbes,SG,25,SAS,80,79,28,4.4,9.7,0.457,2.1,5,0.423,2.3,4.6,0.495,0.567,0.9,1,0.883,0.2,2.7,2.9,2.1,0.6,0.1,1,2,11.8,0.586,17.4
170,Evan Fournier,SG,26,ORL,79,79,31.5,5.7,13.1,0.437,1.9,5.6,0.342,3.8,7.6,0.508,0.51,1.6,2.1,0.802,0.5,2.7,3.2,3.7,0.9,0.2,1.9,2.8,15,0.535,22.1
171,De'Aaron Fox,PG,21,SAC,79,79,31.6,6.2,13.6,0.453,1.1,2.9,0.368,5.1,10.7,0.476,0.493,3.8,5.2,0.725,0.5,3.2,3.8,7.2,1.6,0.6,2.8,2.6,17.2,0.541,24.5
172,Melvin Frazier,SG,22,ORL,10,0,4.4,0.7,2.1,0.333,0,0.6,0,0.7,1.5,0.467,0.333,0.1,0.4,0.25,0.3,0.2,0.5,0.1,0.1,0,0.1,0.6,1.5,0.33,23.5
173,Tim Frazier,PG,28,TOT,56,18,18.4,1.8,4.1,0.436,0.6,1.6,0.337,1.2,2.4,0.504,0.504,0.6,0.8,0.778,0.7,2.1,2.8,4.2,0.5,0.1,1.2,1.9,4.7,0.535,12.6
173,Tim Frazier,PG,28,NOP,47,17,19.3,1.9,4.1,0.451,0.6,1.6,0.351,1.3,2.5,0.517,0.521,0.7,0.9,0.78,0.7,2.2,2.9,4.4,0.5,0.1,1.3,2,5,0.552,12.3
173,Tim Frazier,PG,28,MIL,9,1,13.4,1.2,3.6,0.344,0.4,1.7,0.267,0.8,1.9,0.412,0.406,0.3,0.4,0.75,0.7,1.2,1.9,3,0.2,0,1,1.4,3.2,0.43,14.8
174,Jimmer Fredette,SG,29,PHO,4,0,11.5,2,6.3,0.32,0,2.5,0,2,3.8,0.533,0.32,1.5,1.5,1,0,1,1,0.8,0.8,0,1,1.3,5.5,0.398,29.6
175,Channing Frye,C,35,CLE,34,5,9.4,1.1,3.1,0.362,0.9,2.1,0.403,0.3,1,0.273,0.5,0.3,0.4,0.75,0.1,1.3,1.4,0.6,0.2,0.1,0.3,1.2,3.4,0.517,16.5
176,Markelle Fultz,SG,20,PHI,19,15,22.5,3.4,8.2,0.419,0.2,0.7,0.286,3.2,7.4,0.433,0.432,1.1,1.9,0.568,1.4,2.3,3.7,3.1,0.9,0.3,1.3,2.7,8.2,0.452,19.3
177,Danilo Gallinari,SF,30,LAC,67,67,30.4,6,13,0.463,2.4,5.5,0.434,3.6,7.5,0.484,0.555,5.4,6,0.905,0.8,5.4,6.2,2.6,0.7,0.3,1.5,1.9,19.9,0.635,23.8
178,Langston Galloway,SG,27,DET,77,4,21.9,2.9,7.3,0.394,1.7,4.7,0.362,1.2,2.6,0.452,0.511,1,1.2,0.84,0.6,1.5,2.1,1.1,0.5,0.1,0.3,1.7,8.5,0.541,16.1
179,Billy Garrett,SG,24,NYK,2,0,18.5,2.5,6.5,0.385,0,2,0,2.5,4.5,0.556,0.385,1,1,1,0,0.5,0.5,2,0.5,0.5,0.5,1,6,0.432,17.1
180,Marc Gasol,C,34,TOT,77,70,30.9,5,11.2,0.447,1.3,3.5,0.361,3.7,7.7,0.486,0.503,2.4,3.2,0.763,1,6.9,7.9,4.4,1.1,1.1,2,2.7,13.7,0.544,20.9
180,Marc Gasol,C,34,MEM,53,53,33.7,5.7,12.9,0.444,1.4,4.2,0.344,4.3,8.7,0.491,0.499,2.9,3.8,0.756,1.1,7.5,8.6,4.7,1.1,1.2,2.2,2.8,15.7,0.541,22.3
180,Marc Gasol,C,34,TOR,24,17,24.6,3.4,7.4,0.461,0.9,2,0.438,2.5,5.4,0.469,0.52,1.5,1.8,0.795,0.9,5.6,6.5,3.9,1,1,1.4,2.7,9.2,0.557,16.8
181,Pau Gasol,C,38,TOT,30,6,12,1.4,3.1,0.447,0.2,0.4,0.462,1.2,2.7,0.444,0.479,0.9,1.3,0.7,0.7,3.8,4.6,1.7,0.2,0.5,0.5,1,3.9,0.529,15.6
181,Pau Gasol,C,38,SAS,27,6,12.2,1.5,3.3,0.466,0.2,0.4,0.5,1.3,2.9,0.462,0.494,1,1.4,0.711,0.8,3.9,4.7,1.9,0.2,0.5,0.5,1,4.2,0.544,15.8
181,Pau Gasol,C,38,MIL,3,0,10,0.3,2,0.167,0.3,1,0.333,0,1,0,0.25,0.3,0.7,0.5,0,3.3,3.3,0.7,0,0.3,0.7,0.3,1.3,0.291,12.4
182,Rudy Gay,PF,32,SAS,67,51,26.8,5.5,10.9,0.507,1.1,2.7,0.409,4.4,8.2,0.539,0.558,1.7,2.1,0.824,0.9,5.9,6.8,2.7,0.8,0.5,1.6,2.3,13.9,0.587,22
183,Paul George,SF,28,OKC,75,75,36.8,9.2,20.9,0.44,3.8,9.7,0.389,5.4,11.2,0.485,0.531,5.9,7,0.837,1.4,6.8,8.2,4.1,2.2,0.5,2.7,2.7,28.1,0.585,29.5
184,Taj Gibson,PF,33,MIN,70,57,24.1,4.3,7.7,0.566,0.2,0.5,0.324,4.2,7.2,0.583,0.576,1.9,2.5,0.757,2.5,4.1,6.5,1.2,0.8,0.6,1,2.7,10.8,0.612,17.1
185,Harry Giles,PF,20,SAC,58,0,14.1,3,6,0.503,0,0.1,0,3,5.9,0.512,0.503,1,1.6,0.637,1.1,2.7,3.8,1.5,0.5,0.4,1.3,2.6,7,0.526,23.2
186,Shai Gilgeous-Alexander,PG,20,LAC,80,71,26.5,4.2,8.8,0.476,0.6,1.7,0.37,3.5,7,0.502,0.512,1.9,2.4,0.8,0.7,2.2,2.9,3.3,1.2,0.6,1.8,2.1,10.9,0.554,18.4
187,Rudy Gobert,C,26,UTA,79,78,31.7,5.8,8.7,0.669,0,0,,5.8,8.7,0.669,0.669,4.1,6.4,0.636,3.8,9.1,12.9,2,0.8,2.3,1.6,2.9,15.7,0.682,17.7
188,Brandon Goodwin,PG,23,DEN,16,0,3.6,0.4,1.4,0.261,0.1,0.4,0.333,0.3,1.1,0.235,0.304,0.6,0.7,0.818,0.1,0.1,0.2,0.9,0,0,0.2,0.4,1.4,0.413,23.1
189,Aaron Gordon,PF,23,ORL,76,76,33.7,6,13.4,0.446,1.6,4.5,0.353,4.4,8.9,0.493,0.505,2.4,3.3,0.725,1.6,5.7,7.4,3.7,0.7,0.7,2.1,2.2,15.9,0.536,21.8
190,Eric Gordon,SG,30,HOU,66,51,31.9,5.6,13.8,0.408,3.1,8.8,0.356,2.5,5.1,0.497,0.521,1.8,2.3,0.783,0.3,2,2.2,1.9,0.6,0.4,1.3,2.1,16.2,0.546,22
191,Marcin Gortat,C,34,LAC,47,43,16,2.1,4,0.532,0,0,,2.1,4,0.532,0.532,0.7,1,0.729,1.4,4.1,5.6,1.4,0.1,0.5,1.1,2,5,0.562,14.5
192,Devonte' Graham,PG,23,CHO,43,3,14.4,1.6,4.7,0.345,0.7,2.6,0.286,0.9,2,0.42,0.425,0.8,1,0.75,0.2,1.1,1.3,2.7,0.5,0,0.7,1.1,4.7,0.463,17.1
193,Treveon Graham,SG,25,BRK,32,20,20.2,1.7,5,0.335,0.9,3.3,0.274,0.8,1.7,0.455,0.425,0.6,0.7,0.818,0.6,2.4,3,0.9,0.4,0.2,0.5,2,4.8,0.454,12.1
194,Jerami Grant,PF,24,OKC,77,74,32.5,5.1,10.2,0.496,1.4,3.6,0.388,3.7,6.6,0.555,0.564,1.9,2.8,0.704,1.2,4.1,5.2,1,0.8,1.3,0.8,2.7,13.5,0.589,15.4
195,Jerian Grant,PG,26,ORL,60,1,15.7,1.5,3.7,0.418,0.7,1.8,0.364,0.9,1.8,0.473,0.509,0.4,0.7,0.65,0.3,1.3,1.6,2.6,0.7,0.1,0.9,1.3,4.2,0.526,13.4
196,Donte Grantham,SF,23,OKC,3,0,0.7,0,0.7,0,0,0.7,0,0,0,,0,0,0,,0,0,0,0,0,0,0,0,0,0,40.7
197,Danny Green,SG,31,TOR,78,78,27.6,3.6,7.8,0.464,2.5,5.4,0.454,1.2,2.4,0.487,0.621,0.4,0.5,0.825,0.8,3.2,4,1.5,0.9,0.6,0.9,2.2,10.2,0.63,14
198,Draymond Green,PF,28,GSW,64,64,31.5,2.9,6.4,0.448,0.7,2.6,0.287,2.1,3.9,0.555,0.505,1,1.4,0.685,0.9,6.4,7.3,6.9,1.4,1,2.6,3,7.4,0.529,13
199,Gerald Green,SG,33,HOU,71,0,20.4,3.2,7.9,0.4,2.1,6,0.354,1,1.9,0.544,0.534,0.8,1,0.838,0.4,2.1,2.5,0.6,0.5,0.4,0.8,1.7,9.3,0.555,19.5
200,JaMychal Green,PF,28,TOT,64,6,21,3.5,7.3,0.484,1.1,2.7,0.398,2.5,4.6,0.534,0.557,1.2,1.5,0.796,1.6,4.7,6.4,0.8,0.7,0.5,1.3,2.9,9.3,0.586,19.5
200,JaMychal Green,PF,28,MEM,41,4,22,3.7,7.6,0.484,0.9,2.3,0.396,2.8,5.3,0.523,0.545,1.5,2,0.788,1.8,4.4,6.1,0.9,0.8,0.6,1.6,3,9.8,0.58,20.4
200,JaMychal Green,PF,28,LAC,23,2,19.3,3.3,6.7,0.484,1.3,3.3,0.4,2,3.5,0.563,0.581,0.7,0.8,0.833,1.4,5.3,6.7,0.6,0.5,0.3,1,2.8,8.5,0.598,17.5
201,Jeff Green,PF,32,WAS,75,44,27.4,4.2,8.9,0.477,1.5,4.1,0.356,2.8,4.7,0.583,0.56,2.4,2.6,0.894,0.8,3.3,4,1.8,0.6,0.5,1.3,2.1,12.3,0.613,17.5
202,Blake Griffin,PF,29,DET,73,73,35.2,8.4,18.1,0.464,2.5,7,0.365,5.8,11.1,0.527,0.535,5.6,7.5,0.752,1.4,6.3,7.7,5.4,0.7,0.4,3.4,2.7,24.9,0.584,30.3
203,Daniel Hamilton,SG,23,ATL,19,3,10.7,1.2,3.2,0.383,0.4,1.2,0.348,0.8,1.9,0.405,0.45,0.2,0.3,0.5,0.5,1.9,2.5,1.2,0.3,0.1,0.8,1,3,0.455,15.7
204,Dusty Hannahs,SG,25,MEM,2,0,13,1.5,6,0.25,0,2.5,0,1.5,3.5,0.429,0.25,1,1,1,0,0.5,0.5,2.5,0.5,0,0.5,0.5,4,0.311,23.9
205,Tim Hardaway,SG,26,TOT,65,63,31.6,6,15.3,0.393,2.5,7.3,0.34,3.5,7.9,0.442,0.474,3.6,4.2,0.841,0.5,2.9,3.4,2.4,0.8,0.1,1.6,2.2,18.1,0.527,25.3
205,Tim Hardaway,SG,26,NYK,46,46,32.6,6.1,15.8,0.388,2.5,7.3,0.347,3.6,8.5,0.424,0.469,4.3,5.1,0.854,0.6,2.9,3.5,2.7,0.9,0.1,1.8,2.3,19.1,0.531,25.9
205,Tim Hardaway,SG,26,DAL,19,17,29.4,5.7,14.1,0.404,2.4,7.4,0.321,3.3,6.7,0.496,0.489,1.7,2.3,0.767,0.4,2.8,3.2,1.9,0.6,0.1,1.3,1.8,15.5,0.514,23.9
206,James Harden,PG,29,HOU,76,76,36.9,10.8,24.6,0.44,4.8,13.3,0.365,6,11.3,0.528,0.539,9.7,11,0.879,0.9,5.6,6.5,7.6,2,0.8,5,3.1,36.2,0.615,40.5
207,Maurice Harkless,SF,25,POR,58,51,23.4,3.1,6.4,0.478,0.6,2,0.276,2.5,4.4,0.57,0.522,0.7,1.1,0.646,1.3,3.1,4.4,1.3,1.2,0.8,0.8,2.7,7.4,0.537,13.8
208,Montrezl Harrell,C,25,LAC,80,4,26.3,6.6,10.8,0.615,0,0.2,0.176,6.6,10.6,0.623,0.616,3.3,5.1,0.646,2.3,4.3,6.6,1.9,0.9,1.4,1.6,3.1,16.6,0.636,23.4
209,Devin Harris,PG,35,DAL,65,0,15.3,1.9,5,0.379,0.9,2.9,0.309,1,2.1,0.478,0.469,1.5,1.9,0.76,0.2,1.4,1.6,1.7,0.5,0.2,0.8,1.9,6.1,0.527,18.5
210,Gary Harris,SG,24,DEN,54,45,28.8,4.6,11.1,0.417,1.5,4.3,0.342,3.1,6.8,0.466,0.484,2,2.5,0.809,0.7,2.1,2.9,2.3,0.9,0.3,1.2,1.9,12.8,0.524,19.9
211,Joe Harris,SG,27,BRK,74,74,30.1,4.9,9.7,0.502,2.4,5,0.472,2.5,4.7,0.534,0.624,1.5,1.8,0.831,0.7,3.1,3.8,2.4,0.5,0.2,1.6,2.4,13.6,0.648,16.9
212,Tobias Harris,PF,26,TOT,80,80,34.9,7.5,15.3,0.492,2,4.8,0.405,5.6,10.5,0.532,0.556,3.3,3.8,0.87,0.8,7.1,7.9,2.8,0.6,0.5,1.9,2.3,20.3,0.598,22.7
212,Tobias Harris,PF,26,LAC,55,55,34.6,7.7,15.5,0.496,2,4.7,0.434,5.7,10.9,0.523,0.561,3.5,4,0.877,0.7,7.2,7.9,2.7,0.7,0.4,2,2.2,20.9,0.605,23.5
212,Tobias Harris,PF,26,PHI,25,25,35.7,7.1,14.8,0.482,1.8,5.1,0.346,5.4,9.7,0.554,0.542,2.8,3.3,0.854,1.2,6.8,7.9,2.9,0.4,0.5,1.6,2.4,18.8,0.58,20.9
213,Andrew Harrison,PG,24,TOT,17,0,11,0.9,3.1,0.302,0.3,1.5,0.2,0.6,1.6,0.393,0.349,1,1.1,0.944,0.4,0.8,1.2,1.4,0.2,0.1,0.7,2,3.2,0.443,16.8
213,Andrew Harrison,PG,24,MEM,1,0,5,1,2,0.5,0,1,0,1,1,1,0.5,0,0,,0,0,0,0,0,0,0,1,2,0.5,17.9
213,Andrew Harrison,PG,24,CLE,10,0,14.4,1.2,3.9,0.308,0.3,1.4,0.214,0.9,2.5,0.36,0.346,1.6,1.6,1,0.4,1.1,1.5,1.7,0.4,0.2,1,2.6,4.3,0.467,17
213,Andrew Harrison,PG,24,NOP,6,0,6.3,0.5,2,0.25,0.3,1.7,0.2,0.2,0.3,0.5,0.333,0.2,0.3,0.5,0.3,0.5,0.8,1.2,0,0,0.3,1.2,1.5,0.349,16.1
214,Shaquille Harrison,PG,25,CHI,70,8,19.4,2.4,5.7,0.43,0.3,1.2,0.253,2.1,4.5,0.476,0.456,1.1,1.7,0.664,0.5,2.6,3,1.9,1.2,0.4,0.8,1.7,6.3,0.491,16.3
215,Josh Hart,SG,23,LAL,67,22,25.6,2.8,6.9,0.407,1.4,4.1,0.336,1.4,2.8,0.511,0.506,0.8,1.2,0.688,0.5,3.2,3.7,1.4,1,0.6,0.9,2.2,7.8,0.526,13.5
216,Isaiah Hartenstein,PF,20,HOU,28,0,7.9,0.7,1.5,0.488,0.1,0.2,0.333,0.6,1.3,0.514,0.512,0.4,0.5,0.786,0.8,0.9,1.7,0.5,0.3,0.4,0.5,2,1.9,0.562,11.8
217,Udonis Haslem,C,38,MIA,8,0,4.4,0.4,1.1,0.333,0,0.5,0,0.4,0.6,0.6,0.333,0,0,,0.1,1.4,1.5,0,0,0,0.3,0.5,0.8,0.333,13.5
218,Gordon Hayward,PF,28,BOS,71,18,25.7,4.1,8.7,0.464,1.1,3.2,0.336,3,5.5,0.538,0.526,2.2,2.6,0.834,0.7,3.7,4.5,3.4,0.9,0.3,1.5,1.5,11.4,0.575,19.1
219,John Henson,C,28,MIL,14,0,13.4,2.2,4.8,0.463,0.8,2.2,0.355,1.4,2.6,0.556,0.545,0.4,0.7,0.6,1.1,3.9,5.1,1,0.5,0.8,0.9,1.1,5.6,0.553,18.6
220,Juan Hernangomez,PF,23,DEN,68,25,19.5,2,4.5,0.438,1,2.6,0.363,1,1.9,0.543,0.544,1,1.3,0.767,0.9,2.9,3.8,0.8,0.4,0.4,0.5,1.3,5.9,0.58,12.3
221,Willy Hernangomez,C,24,CHO,57,3,14.2,2.7,5.2,0.52,0.3,0.7,0.395,2.4,4.5,0.539,0.546,1.8,2.5,0.694,2.1,3.4,5.4,1,0.3,0.4,1,1.7,7.4,0.589,22.1
222,Mario Hezonja,SF,23,NYK,56,22,20.5,3.2,7.9,0.407,0.7,2.6,0.269,2.5,5.3,0.475,0.451,1.5,2,0.764,0.5,3.6,4.1,1.4,0.9,0.1,1.4,1.9,8.6,0.492,21
223,Isaiah Hicks,PF,24,NYK,1,0,4,0,0,,0,0,,0,0,,,1,2,0.5,0,0,0,1,0,0,0,0,1,0.568,9.4
224,Buddy Hield,SG,26,SAC,80,80,32.1,7.7,16.7,0.459,3.4,8,0.429,4.3,8.8,0.486,0.561,2.1,2.4,0.886,1.3,3.8,5.1,2.5,0.7,0.4,1.8,2.5,20.9,0.588,25.2
225,Haywood Highsmith,SF,22,PHI,3,0,5,0.7,1.7,0.4,0.3,1,0.333,0.3,0.7,0.5,0.5,0,0,,0,1,1,0.7,0,0,0,0.3,1.7,0.5,14
226,Nene Hilario,C,36,HOU,40,2,13,1.4,2.7,0.523,0,0.1,0,1.4,2.6,0.533,0.523,0.7,1.1,0.644,0.8,2.2,3,0.6,0.5,0.4,0.3,2.1,3.5,0.556,11.4
227,George Hill,PG,32,TOT,57,13,21.7,2.8,6.2,0.456,0.8,2.4,0.317,2.1,3.8,0.546,0.518,1.1,1.3,0.84,0.6,1.8,2.5,2.3,0.9,0.1,0.8,1.7,7.6,0.555,14.9
227,George Hill,PG,32,CLE,13,13,26.5,4.2,8.2,0.514,1,2.2,0.464,3.2,6.1,0.532,0.575,1.3,1.5,0.85,0.9,1.2,2.1,2.8,0.9,0.1,1.5,2.7,10.8,0.604,17.3
227,George Hill,PG,32,MIL,44,0,20.3,2.4,5.6,0.431,0.7,2.5,0.279,1.7,3.1,0.555,0.494,1,1.3,0.836,0.6,2,2.6,2.1,0.9,0.2,0.6,1.4,6.6,0.535,14
228,Solomon Hill,SF,27,NOP,42,15,19.8,1.5,3.8,0.384,0.7,2.1,0.311,0.8,1.6,0.478,0.472,0.5,0.8,0.719,0.8,2.1,3,1.2,0.5,0.2,0.7,1.8,4.1,0.5,10
229,Aaron Holiday,PG,22,IND,48,0,12.5,2,5.1,0.402,0.8,2.5,0.339,1.2,2.6,0.46,0.484,0.8,1,0.83,0.1,1.3,1.4,1.6,0.4,0.3,0.8,1.3,5.7,0.519,22
230,Jrue Holiday,SG,28,NOP,67,67,35.9,8.2,17.3,0.472,1.8,5.4,0.325,6.4,11.9,0.539,0.523,3.1,4,0.768,1.1,3.9,5,7.7,1.6,0.8,3.1,2.2,21.2,0.555,25.4
231,Justin Holiday,SG,29,TOT,79,74,31.7,3.5,9.3,0.382,1.9,5.6,0.339,1.7,3.7,0.446,0.484,1.1,1.2,0.898,0.6,3.4,3.9,1.8,1.5,0.4,1.3,2,10.1,0.513,15.4
231,Justin Holiday,SG,29,CHI,38,38,34.9,4,10.4,0.383,2.6,7.1,0.359,1.4,3.3,0.435,0.506,1.1,1.2,0.891,0.5,3.9,4.4,2.2,1.8,0.6,1.2,2.1,11.6,0.531,15.2
231,Justin Holiday,SG,29,MEM,41,36,28.7,3.1,8.3,0.381,1.3,4.1,0.308,1.9,4.1,0.453,0.457,1.1,1.3,0.904,0.6,2.8,3.4,1.4,1.2,0.3,1.3,1.9,8.7,0.493,15.7
232,John Holland,SF,30,CLE,1,0,1,0,0,,0,0,,0,0,,,0,0,,0,0,0,0,0,0,0,0,0,,0
233,Rondae Hollis-Jefferson,SF,24,BRK,58,21,20.8,3.4,8.1,0.416,0.2,0.8,0.191,3.2,7.3,0.441,0.425,2,3.2,0.645,1.3,3.8,5.1,1.6,0.7,0.4,1.1,1.8,8.9,0.47,21.4
234,Richaun Holmes,C,25,PHO,70,4,16.9,3.2,5.2,0.608,0,0,,3.2,5.2,0.608,0.608,1.8,2.5,0.731,1.6,3.1,4.7,0.9,0.6,1.1,0.7,2.8,8.2,0.647,17.9
235,Rodney Hood,SG,26,TOT,70,49,26.4,4.1,9.4,0.438,1.2,3.3,0.358,2.9,6.1,0.481,0.501,1.9,2.2,0.888,0.3,1.8,2.2,1.7,0.8,0.2,0.7,2.1,11.3,0.548,18.2
235,Rodney Hood,SG,26,CLE,45,45,27.4,4.3,10.1,0.427,1.2,3.4,0.362,3.1,6.7,0.46,0.488,2.3,2.5,0.912,0.4,2.1,2.5,2,0.8,0.1,0.8,2.2,12.2,0.542,19.1
235,Rodney Hood,SG,26,POR,25,4,24.5,3.8,8.2,0.461,1.1,3.2,0.35,2.6,5,0.532,0.529,1.2,1.5,0.816,0.2,1.4,1.6,1.2,0.8,0.2,0.6,1.7,9.9,0.56,16.3
236,Al Horford,C,32,BOS,67,67,29.1,5.7,10.6,0.534,1.1,3,0.356,4.6,7.6,0.605,0.585,1.1,1.4,0.824,1.8,5,6.8,4.1,0.9,1.3,1.5,1.9,13.5,0.604,18.8
237,Danuel House,SF,25,HOU,37,13,25.2,3.1,6.5,0.469,1.9,4.6,0.418,1.1,1.9,0.592,0.616,1.5,1.9,0.789,0.7,2.9,3.6,1,0.5,0.3,0.9,2,9.5,0.648,14.3
238,Dwight Howard,C,33,WAS,9,9,25.6,4.8,7.7,0.623,0,0,,4.8,7.7,0.623,0.623,3.2,5.3,0.604,2.7,6.6,9.2,0.4,0.8,0.4,1.8,3.8,12.8,0.638,19.6
239,Kevin Huerter,SG,20,ATL,73,57,27.3,3.6,8.8,0.415,1.8,4.7,0.378,1.8,4,0.458,0.516,0.6,0.8,0.732,0.8,2.4,3.2,2.8,0.9,0.3,1.4,2,9.6,0.528,15.7
240,Isaac Humphries,C,21,ATL,3,0,12.7,1,4.7,0.214,0.3,2.3,0.143,0.7,2.3,0.286,0.25,0,0,,0.7,1.3,2,0,0.3,0,0,1.3,2.3,0.25,15
241,Chandler Hutchison,SF,22,CHI,44,14,20.3,2.2,4.8,0.459,0.3,1.1,0.28,1.9,3.6,0.516,0.493,0.5,0.9,0.605,0.7,3.5,4.2,0.8,0.5,0.1,0.6,1.3,5.2,0.507,12.2
242,Serge Ibaka,C,29,TOR,73,51,27.3,6.3,11.8,0.531,0.7,2.3,0.292,5.6,9.5,0.588,0.559,1.8,2.4,0.763,2.1,6.1,8.2,1.4,0.4,1.4,1.5,2.9,15.1,0.585,22.7
243,Andre Iguodala,SF,35,GSW,67,13,23.2,2.2,4.4,0.51,0.7,2.1,0.341,1.5,2.3,0.662,0.591,0.6,1,0.582,0.7,3,3.7,3.1,0.9,0.8,0.8,1.4,5.7,0.597,10.2
244,Ersan Ilyasova,PF,31,MIL,64,6,18.2,2.5,5.6,0.446,0.9,2.4,0.375,1.6,3.3,0.498,0.525,0.9,1,0.833,1.5,3,4.4,0.8,0.5,0.3,0.7,2.5,6.8,0.556,15.7
245,Joe Ingles,PF,31,UTA,79,79,31.4,4.4,9.9,0.449,2.3,5.9,0.394,2.1,4,0.53,0.566,1.1,1.5,0.706,0.4,3.6,4,5.6,1.2,0.3,2.4,2.2,12.2,0.581,17.5
246,Andre Ingram,SG,33,LAL,4,0,3.8,0,1.5,0,0,0.8,0,0,0.8,0,0,0,0,,0.3,0.3,0.5,0,0.3,0,0.3,0,0,0,19.3
247,Brandon Ingram,SF,21,LAL,52,52,33.8,7,14,0.497,0.6,1.8,0.33,6.4,12.2,0.521,0.518,3.8,5.6,0.675,0.8,4.3,5.1,3,0.5,0.6,2.5,2.9,18.3,0.555,23.2
248,Kyrie Irving,PG,26,BOS,66,66,33,9,18.5,0.487,2.6,6.5,0.397,6.4,12,0.535,0.556,3.2,3.7,0.873,1.1,3.9,5,6.9,1.5,0.5,2.6,2.5,23.8,0.592,29.6
249,Jonathan Isaac,PF,21,ORL,74,63,26.7,3.5,8.2,0.428,1.1,3.6,0.319,2.4,4.6,0.512,0.498,1.5,1.8,0.815,1.3,4.2,5.5,1.1,0.8,1.3,1,1.9,9.6,0.536,16.4
250,Wesley Iwundu,SF,24,ORL,66,12,18,1.7,4,0.411,0.4,1.2,0.368,1.2,2.9,0.429,0.464,1.3,1.6,0.816,0.6,2.2,2.8,1,0.4,0.3,0.7,1.8,5,0.532,12.9
251,Demetrius Jackson,PG,24,PHI,6,0,6.5,1.3,2.5,0.533,0.3,1,0.333,1,1.5,0.667,0.6,0.7,0.7,1,0.3,0.2,0.5,0.8,0.3,0,0.2,0.7,3.7,0.656,19.1
252,Frank Jackson,PG,20,NOP,61,16,19.2,3.2,7.3,0.434,0.9,2.8,0.314,2.3,4.6,0.507,0.493,0.9,1.2,0.74,0.4,1.8,2.2,1.1,0.4,0,0.8,1.5,8.1,0.517,18.5
253,Jaren Jackson,PF,19,MEM,58,56,26.1,5.1,10.2,0.506,0.9,2.4,0.359,4.3,7.7,0.553,0.549,2.6,3.4,0.766,1.3,3.4,4.7,1.1,0.9,1.4,1.7,3.8,13.8,0.591,22.8
254,Josh Jackson,SG,21,PHO,77,27,24.9,4.4,10.5,0.415,0.9,2.8,0.329,3.5,7.7,0.446,0.459,1.8,2.7,0.675,0.8,3.5,4.3,2.3,0.9,0.7,2.2,2.6,11.4,0.49,24
255,Justin Jackson,SF,23,TOT,78,11,19.7,2.6,5.9,0.437,1,3,0.345,1.5,2.9,0.533,0.525,0.8,1,0.779,0.5,2.2,2.7,1.2,0.4,0.2,0.3,1.2,7,0.55,14.2
255,Justin Jackson,SF,23,SAC,52,3,20.8,2.4,5.7,0.424,1.1,3.1,0.346,1.3,2.6,0.515,0.517,0.8,1,0.82,0.5,2.3,2.8,1.3,0.4,0.3,0.4,1.3,6.7,0.546,12.9
255,Justin Jackson,SF,23,DAL,26,8,17.5,2.9,6.3,0.461,1,2.9,0.342,1.9,3.4,0.562,0.539,0.7,1,0.704,0.6,1.8,2.4,1,0.3,0,0.2,1,7.6,0.557,17.1
256,Reggie Jackson,PG,28,DET,79,79,28.1,5.4,12.8,0.424,2.1,5.8,0.367,3.3,7,0.47,0.506,2.5,2.9,0.86,0.5,2.1,2.6,4.2,0.7,0.1,1.8,2.6,15.4,0.549,24.3
257,LeBron James,SF,34,LAL,55,55,35.2,10.1,19.9,0.51,2,5.9,0.339,8.1,14,0.582,0.56,5.1,7.6,0.665,1,7.4,8.5,8.3,1.3,0.6,3.6,1.7,27.4,0.588,31.6
258,Amile Jefferson,PF,25,ORL,11,0,4,0.6,1.1,0.583,0,0,,0.6,1.1,0.583,0.583,0.6,0.7,0.875,0.4,0.9,1.3,0.2,0.2,0.3,0,0.5,1.9,0.677,15.4
259,John Jenkins,SG,27,TOT,23,0,11.4,1.3,3.7,0.357,0.7,2,0.326,0.7,1.7,0.395,0.446,0.6,0.7,0.867,0.1,0.9,1,0.8,0,0.1,0.3,0.2,3.8,0.486,16
259,John Jenkins,SG,27,WAS,4,0,3.5,0.5,0.5,1,0.5,0.5,1,0,0,,1.5,0,0,,0,0.3,0.3,0.3,0,0,0,0,1.5,1.5,6.1
259,John Jenkins,SG,27,NYK,19,0,13.1,1.5,4.3,0.341,0.7,2.3,0.295,0.8,2,0.395,0.421,0.7,0.8,0.867,0.2,1.1,1.2,0.9,0,0.1,0.4,0.3,4.3,0.463,16.5
260,Jonas Jerebko,PF,31,GSW,70,6,16.8,2.2,4.8,0.459,1,2.6,0.372,1.3,2.3,0.557,0.558,0.9,1.1,0.8,1,3,4,1.3,0.4,0.2,0.6,1.9,6.3,0.591,15.1
261,Alize Johnson,PF,22,IND,13,0,3,0.2,0.8,0.182,0.1,0.2,0.5,0.1,0.7,0.111,0.227,0.1,0.3,0.25,0.1,0.5,0.6,0,0,0.1,0,0.4,0.5,0.235,14.3
262,Amir Johnson,C,31,PHI,49,6,9.9,1.5,2.9,0.51,0.2,0.8,0.297,1.3,2.2,0.585,0.549,0.6,0.7,0.75,0.8,1.8,2.7,1.2,0.3,0.2,0.9,1.9,3.8,0.579,17.5
263,B.J. Johnson,SF,23,ATL,6,0,7.2,1.3,2.7,0.5,0.5,1,0.5,0.8,1.7,0.5,0.594,0.3,0.3,1,0.3,1,1.3,0,0.3,0,0.3,0.5,3.5,0.622,17.9
264,James Johnson,PF,31,MIA,52,33,21.2,3,7,0.429,0.9,2.8,0.34,2.1,4.3,0.486,0.496,0.9,1.2,0.703,0.4,2.8,3.2,2.4,0.6,0.5,1.3,2.1,7.8,0.518,17.9
265,Stanley Johnson,SF,22,TOT,66,7,18.3,2.6,6.7,0.389,0.9,3.3,0.288,1.7,3.4,0.484,0.459,0.8,1,0.781,0.5,2.8,3.3,1.3,0.9,0.2,1.2,1.7,6.9,0.485,19.4
265,Stanley Johnson,SF,22,DET,48,7,20,2.8,7.3,0.381,1.1,3.8,0.282,1.7,3.5,0.488,0.454,0.9,1.1,0.804,0.5,3.1,3.6,1.3,1,0.3,1.1,1.9,7.5,0.482,19.1
265,Stanley Johnson,SF,22,NOP,18,0,13.7,2.1,5.1,0.418,0.6,1.9,0.324,1.5,3.2,0.474,0.478,0.5,0.7,0.692,0.5,1.8,2.3,1.6,0.7,0.1,1.4,1.2,5.3,0.496,20.4
266,Tyler Johnson,PG,26,TOT,57,22,26.8,3.8,9.2,0.413,1.6,4.6,0.346,2.2,4.7,0.477,0.498,1.7,2.2,0.748,0.6,2.4,3,2.9,0.9,0.5,1.4,1.7,10.9,0.532,18.5
266,Tyler Johnson,PG,26,MIA,44,10,25.5,3.9,9.1,0.426,1.6,4.6,0.353,2.3,4.5,0.503,0.516,1.4,2,0.693,0.4,2.3,2.8,2.5,0.9,0.5,1.4,1.6,10.8,0.54,19.2
266,Tyler Johnson,PG,26,PHO,13,12,31.2,3.5,9.6,0.368,1.4,4.3,0.321,2.2,5.3,0.406,0.44,2.6,3,0.872,1.2,2.8,4,4.2,1.1,0.5,1.1,1.9,11.1,0.506,16.5
267,Wesley Johnson,SF,31,TOT,38,13,14.1,1.2,3.4,0.352,0.7,2,0.329,0.5,1.4,0.385,0.449,0.3,0.5,0.684,0.3,1.6,1.9,0.6,0.4,0.3,0.5,1.7,3.4,0.469,12
267,Wesley Johnson,SF,31,NOP,26,13,14.5,1.3,3.4,0.398,0.7,1.9,0.38,0.6,1.5,0.421,0.506,0.2,0.3,0.667,0.4,1.7,2.1,0.6,0.5,0.3,0.5,1.7,3.7,0.517,11.3
267,Wesley Johnson,SF,31,WAS,12,0,13.1,0.8,3.3,0.25,0.5,2.2,0.231,0.3,1.2,0.286,0.325,0.6,0.8,0.7,0.2,1.3,1.5,0.6,0.2,0.4,0.5,1.5,2.8,0.372,13.6
268,Nikola Jokic,C,23,DEN,78,78,31.4,7.7,15.1,0.513,1.1,3.4,0.312,6.7,11.7,0.571,0.548,3.7,4.5,0.825,2.9,8,10.8,7.4,1.3,0.7,3.1,2.8,20.2,0.593,27.3
269,Damian Jones,C,23,GSW,24,22,17.1,2.2,3.1,0.716,0,0,,2.2,3.1,0.716,0.716,1,1.5,0.649,1.3,1.8,3.1,1.2,0.5,1,0.7,2.6,5.4,0.72,11.1
270,Derrick Jones,SF,21,MIA,57,14,19.1,2.7,5.5,0.49,0.5,1.6,0.311,2.2,3.9,0.563,0.535,1.2,2,0.602,1.6,2.4,4.1,0.6,0.8,0.7,0.7,2.1,7.1,0.556,15.9
271,Jalen Jones,SF,25,CLE,16,0,13.4,1.6,3.9,0.419,0.6,1.8,0.357,1,2.1,0.471,0.5,1.2,1.7,0.704,0.7,1.4,2.1,0.4,0.6,0.1,0.5,1.7,5.1,0.548,16.7
272,Jemerrio Jones,SF,23,LAL,4,0,14.8,1.3,3.8,0.333,0,1.3,0,1.3,2.5,0.5,0.333,0.3,0.5,0.5,1.8,2.8,4.5,1.3,1,0.5,0.8,1.3,2.8,0.346,13.3
273,Terrence Jones,PF,27,HOU,2,0,2.5,0.5,2,0.25,0,1,0,0.5,1,0.5,0.25,0,0.5,0,0,2,2,0,0,0,0.5,0.5,1,0.225,47.3
274,Tyus Jones,PG,22,MIN,65,20,22.5,2.7,6.4,0.415,0.6,1.8,0.328,2.1,4.6,0.45,0.462,0.8,1,0.831,0.4,1.6,2,4.6,1.2,0.1,0.7,1.1,6.8,0.493,14.1
275,DeAndre Jordan,C,30,TOT,69,69,29.7,4.1,6.5,0.641,0,0,,4.1,6.5,0.641,0.641,2.7,3.8,0.705,3.3,9.8,13.1,2.3,0.6,1.1,2.2,2.4,11,0.674,15
275,DeAndre Jordan,C,30,DAL,50,50,31.1,4.2,6.5,0.644,0,0,,4.2,6.5,0.644,0.644,2.7,4,0.682,3.2,10.5,13.7,2,0.7,1.1,2.2,2.5,11,0.672,14.4
275,DeAndre Jordan,C,30,NYK,19,19,25.9,4.1,6.5,0.634,0,0,,4.1,6.5,0.634,0.634,2.7,3.5,0.773,3.4,8,11.4,3,0.5,1.1,2.2,2.2,10.9,0.681,16.8
276,Cory Joseph,PG,27,IND,80,9,25.3,2.7,6.7,0.412,0.7,2.1,0.319,2.1,4.6,0.454,0.461,0.4,0.5,0.683,0.5,2.9,3.4,3.9,1.2,0.3,1,1.6,6.5,0.472,13.6
277,Frank Kaminsky,C,25,CHO,44,0,15.6,2.8,6.1,0.459,1,2.9,0.354,1.8,3.3,0.552,0.543,1.5,2,0.722,0.9,2.6,3.5,1.3,0.3,0.3,0.8,1.4,8.1,0.578,21.7
278,Enes Kanter,C,26,TOT,65,29,24.2,5.6,10.1,0.551,0.1,0.5,0.273,5.4,9.6,0.566,0.558,2.3,2.9,0.788,3.8,5.9,9.7,1.7,0.5,0.4,1.7,2.5,13.6,0.596,23
278,Enes Kanter,C,26,NYK,44,23,25.6,5.7,10.6,0.536,0.2,0.5,0.318,5.5,10.1,0.547,0.544,2.4,2.9,0.814,3.9,6.6,10.5,1.9,0.4,0.4,1.8,2.4,14,0.585,22.8
278,Enes Kanter,C,26,POR,21,6,21.3,5.3,9,0.587,0.1,0.5,0.182,5.2,8.5,0.612,0.593,2.1,2.9,0.733,3.5,4.6,8,1.4,0.6,0.4,1.6,2.6,12.8,0.622,23.4
279,Luke Kennard,SG,22,DET,60,10,22.7,3.5,8.1,0.433,1.6,4.1,0.389,1.9,4,0.479,0.532,0.8,0.9,0.821,0.2,2.7,2.9,1.8,0.4,0.2,0.9,1.4,9.4,0.551,17.8
280,Michael Kidd-Gilchrist,PF,25,CHO,63,3,18.7,2.5,5.3,0.476,0.3,0.7,0.34,2.3,4.5,0.498,0.5,1.5,2,0.772,1.4,2.5,3.9,1,0.5,0.6,0.7,2.5,6.8,0.553,15.6
281,George King,SF,25,PHO,1,0,6,0,0,,0,0,,0,0,,,0,0,,0,1,1,0,0,0,0,0,0,,0
282,Maxi Kleber,PF,27,DAL,70,18,21.2,2.5,5.5,0.452,1.1,3.1,0.35,1.4,2.4,0.583,0.551,0.8,1,0.792,1.3,3.3,4.6,1,0.5,1.1,0.7,2,6.9,0.577,13.6
283,Brandon Knight,PG,27,TOT,37,24,18.4,2.5,6.4,0.382,1,3.3,0.306,1.5,3.2,0.462,0.46,0.6,0.7,0.815,0.2,1.2,1.4,1.8,0.5,0,0.7,1.6,6.5,0.482,17.7
283,Brandon Knight,PG,27,HOU,12,0,9.8,0.9,3.9,0.234,0.4,2.7,0.156,0.5,1.3,0.4,0.287,0.8,0.9,0.818,0.1,0.7,0.8,0.8,0.2,0,0.4,1.2,3,0.347,20.9
283,Brandon Knight,PG,27,CLE,25,24,22.4,3.2,7.6,0.419,1.3,3.6,0.36,1.9,4.1,0.471,0.503,0.5,0.6,0.813,0.3,1.4,1.8,2.4,0.6,0,0.8,1.8,8.2,0.518,17.1
284,Kevin Knox,PF,19,NYK,72,54,28.7,4.5,12.1,0.373,1.7,4.8,0.35,2.8,7.3,0.388,0.442,2.1,2.9,0.719,0.8,3.5,4.3,1,0.6,0.3,1.5,2.4,12.8,0.477,22.2
285,Furkan Korkmaz,SG,21,PHI,46,6,14.2,2,5.1,0.402,1,3,0.331,1,2.1,0.505,0.5,0.8,0.9,0.833,0.3,1.9,2.3,1.1,0.6,0,0.5,1.3,5.8,0.533,17.8
286,Luke Kornet,PF,23,NYK,43,15,15.8,2.2,5.8,0.378,1.4,4,0.365,0.7,1.8,0.405,0.502,0.9,1,0.841,0.5,2.1,2.6,1.1,0.6,0.7,0.6,0.9,6.7,0.535,18.3
287,Kyle Korver,SG-PF,37,TOT,70,0,19.1,2.9,6.9,0.416,2,5,0.397,0.9,1.9,0.467,0.559,0.9,1,0.822,0.1,2.2,2.3,1.2,0.4,0.2,0.8,1.5,8.6,0.582,18.5
287,Kyle Korver,PF,37,CLE,16,0,15.7,2.2,4.8,0.461,1.6,3.4,0.463,0.6,1.4,0.455,0.625,0.8,1,0.813,0,1.8,1.8,1.1,0.2,0.1,1.1,1.4,6.8,0.65,17.4
287,Kyle Korver,SG,37,UTA,54,0,20.1,3.1,7.5,0.408,2.1,5.4,0.384,1,2.1,0.469,0.547,0.9,1.1,0.825,0.2,2.3,2.5,1.2,0.4,0.2,0.8,1.6,9.1,0.569,18.7
288,Kosta Koufos,C,29,SAC,42,1,12,1.7,3.6,0.477,0,0,,1.7,3.6,0.477,0.477,0.2,0.6,0.417,1.2,3,4.2,0.9,0.4,0.4,0.6,1.6,3.7,0.477,15.7
289,Rodions Kurucs,SF,20,BRK,60,43,20.4,3.2,6.8,0.466,0.9,2.7,0.331,2.3,4.1,0.555,0.532,1.1,1.5,0.782,0.8,2.9,3.8,0.8,0.7,0.4,1.3,2.4,8.4,0.562,18
290,Kyle Kuzma,PF,23,LAL,70,68,33.1,7.1,15.5,0.456,1.8,6,0.303,5.3,9.5,0.553,0.515,2.7,3.6,0.752,0.9,4.6,5.5,2.5,0.6,0.4,1.9,2.4,18.7,0.546,23.8
291,Skal Labissiere,PF,22,TOT,21,0,6.5,0.7,1.5,0.438,0.2,0.5,0.364,0.5,1,0.476,0.5,0.3,0.6,0.462,0.2,1.1,1.3,0.5,0.1,0.2,0.4,1.1,1.8,0.504,14.2
291,Skal Labissiere,PF,22,SAC,13,0,8.7,1,2.3,0.433,0.3,0.8,0.364,0.7,1.5,0.474,0.5,0.5,0.8,0.545,0.3,1.5,1.8,0.5,0.2,0.2,0.5,1.6,2.8,0.517,15.3
291,Skal Labissiere,PF,22,POR,8,0,2.9,0.1,0.3,0.5,0,0,,0.1,0.3,0.5,0.5,0,0.3,0,0.1,0.4,0.5,0.5,0.1,0.3,0.3,0.4,0.3,0.347,9
292,Jeremy Lamb,SG,26,CHO,76,55,28.5,5.4,12.4,0.434,1.4,4.1,0.34,4,8.3,0.482,0.491,2.9,3.2,0.889,0.8,4.6,5.5,2.1,1.1,0.4,1,1.8,15.1,0.544,22.5
293,Zach LaVine,SG,23,CHI,63,62,34.5,8.4,18,0.467,1.9,5.1,0.374,6.5,12.9,0.504,0.52,5,6,0.832,0.6,4,4.7,4.5,1,0.4,3.4,2.2,23.7,0.574,30.4
294,Jake Layman,SF,24,POR,68,32,18.5,3.1,5.9,0.516,0.8,2.6,0.326,2.2,3.4,0.662,0.587,0.7,1,0.712,0.8,2.3,3.1,0.8,0.4,0.4,0.6,1.6,7.6,0.602,15.9
295,T.J. Leaf,PF,21,IND,56,0,8.4,1.5,2.9,0.525,0.1,0.5,0.276,1.4,2.3,0.58,0.55,0.3,0.5,0.577,0.7,1.3,2,0.4,0.1,0.3,0.2,0.6,3.4,0.557,17.1
296,Courtney Lee,SG,33,TOT,32,5,12.2,1.5,3.7,0.402,0.4,1.6,0.28,1,2.1,0.493,0.462,0.4,0.7,0.667,0.3,1.3,1.5,1.1,0.6,0.1,0.4,0.9,3.8,0.483,15.3
296,Courtney Lee,SG,33,NYK,12,2,13.3,1.8,3.9,0.447,0.4,1.3,0.313,1.3,2.6,0.516,0.5,0.8,1.2,0.643,0.5,1.8,2.3,1.3,0.7,0.2,0.4,1.1,4.7,0.527,15.5
296,Courtney Lee,SG,33,DAL,20,3,11.6,1.3,3.5,0.371,0.5,1.7,0.265,0.9,1.8,0.472,0.436,0.3,0.4,0.714,0.2,1,1.1,0.9,0.6,0.1,0.4,0.8,3.3,0.452,15.1
297,Damion Lee,SG,26,GSW,29,0,10.8,1.5,3.4,0.44,0.7,1.9,0.389,0.8,1.6,0.5,0.545,0.4,0.5,0.8,0.2,1.4,1.7,0.2,0.4,0,0.3,0.9,4.2,0.568,15.9
298,Walt Lemon,PG,26,CHI,3,2,30.3,7.3,14.3,0.512,0,0.3,0,7.3,14,0.524,0.512,1.7,2.7,0.625,0.3,2.7,3,6.3,3,0.3,1.7,2.3,16.3,0.527,24.7
299,Alex Len,C,25,ATL,75,29,19.7,4,8.1,0.495,0.9,2.5,0.355,3.1,5.6,0.557,0.549,1.8,2.7,0.662,2,3.4,5.4,1.1,0.4,0.9,1.3,2.6,10.7,0.575,21.8
300,Kawhi Leonard,SF,27,TOR,58,58,34.1,9.4,18.9,0.497,1.8,4.9,0.366,7.6,13.9,0.544,0.545,6.2,7.2,0.857,1.3,6.1,7.4,3.3,1.8,0.4,2.1,1.5,26.8,0.607,30.4
301,Meyers Leonard,C,26,POR,60,1,13.9,2.1,3.8,0.541,0.8,1.8,0.45,1.3,2,0.625,0.648,0.7,0.8,0.837,0.8,3,3.7,1.2,0.2,0.2,0.7,1.7,5.6,0.674,14.7
302,Jon Leuer,PF,29,DET,40,1,10,1.6,2.8,0.58,0,0.3,0.091,1.6,2.5,0.634,0.585,0.6,0.8,0.742,0.7,1.7,2.4,0.4,0.3,0.1,0.6,1.5,3.9,0.613,16.1
303,Caris LeVert,SF,24,BRK,37,24,26.7,5.1,12.2,0.416,1.2,3.9,0.297,3.9,8.2,0.472,0.463,2.1,3,0.696,0.9,2.9,3.8,3.9,1.1,0.4,1.8,1.9,13.4,0.496,24
304,Damian Lillard,PG,28,POR,78,78,35.4,8.5,19.2,0.445,2.9,8,0.368,5.6,11.2,0.499,0.521,5.8,6.4,0.91,0.8,3.8,4.6,6.9,1.1,0.4,2.7,1.9,25.9,0.587,29.4
305,Jeremy Lin,PG,30,TOT,73,4,19.4,3.2,7.3,0.443,0.8,2.5,0.301,2.5,4.8,0.517,0.494,2.4,2.8,0.835,0.3,2.1,2.4,3.1,0.6,0.2,1.7,1.9,9.6,0.56,21.7
305,Jeremy Lin,PG,30,ATL,51,1,19.7,3.5,7.6,0.466,0.9,2.6,0.333,2.7,5,0.535,0.523,2.8,3.3,0.845,0.3,2,2.3,3.5,0.7,0.1,1.9,1.9,10.7,0.594,22.7
305,Jeremy Lin,PG,30,TOR,22,3,18.8,2.5,6.7,0.381,0.5,2.3,0.216,2,4.4,0.469,0.418,1.4,1.7,0.789,0.2,2.3,2.5,2,0.4,0.3,1,2.1,7,0.467,19.4
306,Shaun Livingston,PG,33,GSW,62,0,15.1,1.7,3.3,0.512,0,0,0,1.7,3.3,0.517,0.512,0.6,0.8,0.816,0.6,1.2,1.8,1.8,0.5,0.4,0.6,1.1,4,0.552,12
307,Zach Lofton,SG,26,DET,1,0,4,0,1,0,0,1,0,0,0,,0,0,0,,0,0,0,0,1,0,1,0,0,0,21.5
308,Kevon Looney,C,22,GSW,77,24,18.7,2.7,4.2,0.627,0,0.1,0.1,2.6,4.1,0.644,0.628,0.8,1.4,0.619,2.4,2.8,5.2,1.5,0.6,0.7,0.7,2.7,6.2,0.638,12.6
309,Brook Lopez,C,30,MIL,79,79,28.7,4.4,9.7,0.455,2.4,6.4,0.369,2.1,3.4,0.619,0.576,1.4,1.6,0.837,0.4,4.4,4.8,1.2,0.6,2.2,1,2.3,12.6,0.602,16.7
310,Robin Lopez,C,30,CHI,71,33,21.5,4.1,7.1,0.57,0.1,0.4,0.231,4,6.8,0.588,0.576,1.2,1.7,0.727,1.9,2,3.9,1.2,0.2,1.1,1.3,1.7,9.5,0.6,18.8
311,Kevin Love,PF,30,CLE,21,21,27.9,5.1,13.3,0.384,2.5,6.9,0.361,2.6,6.4,0.407,0.477,4.9,5.4,0.904,1.6,9.6,11.2,2.2,0.2,0.2,2,2.6,17.6,0.561,27.7
312,Kyle Lowry,PG,32,TOR,64,64,33.9,4.7,11.4,0.415,2.5,7,0.35,2.3,4.4,0.516,0.522,2.5,3,0.832,0.6,4.1,4.7,8.7,1.4,0.5,2.8,2.6,14.4,0.565,19.7
313,Jordan Loyd,PG,25,TOR,11,0,4.3,0.5,1.3,0.429,0.3,0.6,0.429,0.3,0.6,0.429,0.536,0.7,0.9,0.8,0.1,0.6,0.7,0.5,0,0,0.2,0.5,2.1,0.625,18.6
314,Kalin Lucas,PG,29,DET,1,0,6,0,1,0,0,1,0,0,0,,0,2,2,1,0,3,3,1,0,0,0,1,2,0.532,13.5
315,Timothe Luwawu-Cabarrot,SF,23,TOT,47,5,12.5,1.5,3.9,0.373,0.7,2.1,0.317,0.8,1.8,0.44,0.459,0.5,0.7,0.742,0.2,1.5,1.8,0.5,0.4,0.1,0.4,1.3,4.1,0.486,16
315,Timothe Luwawu-Cabarrot,SF,23,OKC,21,1,5.9,0.6,2,0.302,0.2,1,0.227,0.4,1,0.381,0.36,0.2,0.3,0.667,0.2,0.7,0.9,0.2,0.2,0,0.2,0.7,1.7,0.383,16.8
315,Timothe Luwawu-Cabarrot,SF,23,CHI,26,4,17.9,2.2,5.5,0.394,1,3,0.342,1.1,2.4,0.46,0.489,0.7,1,0.76,0.3,2.2,2.5,0.8,0.5,0.2,0.6,1.9,6.1,0.516,15.9
316,Tyler Lydon,PF,22,DEN,24,0,3.8,0.3,0.7,0.471,0.2,0.4,0.4,0.2,0.3,0.571,0.588,0,0.1,0.333,0.3,0.5,0.7,0.2,0.1,0,0.2,0.4,0.9,0.573,10.6
317,Trey Lyles,PF,23,DEN,63,1,17.3,3.2,7.7,0.416,0.8,3.1,0.249,2.4,4.6,0.528,0.466,1.3,1.8,0.704,0.7,3.1,3.8,1.3,0.5,0.4,1,1.4,8.4,0.498,23.4
318,Scott Machado,PG,28,LAL,4,0,4.8,1,1.5,0.667,0.3,0.3,1,0.8,1.3,0.6,0.75,0.3,0.3,1,0,0,0,0.8,0.3,0,0,0.5,2.5,0.776,14
319,Shelvin Mack,PG,28,TOT,57,3,21.9,2.9,7.1,0.404,0.8,2.3,0.354,2.1,4.8,0.429,0.462,1,1.5,0.69,0.3,1.5,1.8,3.2,0.8,0.1,1.2,1.5,7.5,0.489,18.1
319,Shelvin Mack,PG,28,MEM,53,3,22.7,3,7.3,0.414,0.9,2.4,0.359,2.2,4.9,0.441,0.473,1,1.4,0.707,0.3,1.6,1.9,3.4,0.8,0.1,1.2,1.5,7.9,0.499,18
319,Shelvin Mack,PG,28,CHO,4,0,10.5,0.5,3.5,0.143,0,0.5,0,0.5,3,0.167,0.143,1.3,2.3,0.556,0,0.5,0.5,0.3,0.5,0,1,0.8,2.3,0.251,22.5
320,Daryl Macon,SG,23,DAL,7,0,8.1,1,2.9,0.35,0.4,1,0.429,0.6,1.9,0.308,0.425,0,0,,0.3,0.4,0.7,0.7,0.1,0,0.7,0.9,2.4,0.425,18.9
321,J.P. Macura,SG,23,CHO,1,0,14,2,8,0.25,0,4,0,2,4,0.5,0.25,0,0,,0,2,2,2,0,0,0,0,4,0.25,24.5
322,Ian Mahinmi,C,32,WAS,32,6,14.2,1.3,2.7,0.488,0,0.4,0.077,1.3,2.3,0.562,0.494,1.3,1.9,0.683,1.3,2.2,3.4,0.8,0.8,0.5,0.6,2.4,3.9,0.56,12.4
323,Thon Maker,C-PF,21,TOT,61,4,15.1,1.8,4.2,0.419,0.8,2.4,0.331,1,1.8,0.536,0.514,0.9,1.3,0.659,0.6,2.5,3.1,0.7,0.3,0.8,0.5,1.7,5.2,0.542,15
323,Thon Maker,C,21,MIL,35,0,11.7,1.7,3.8,0.44,0.7,2.2,0.333,0.9,1.6,0.589,0.537,0.6,1.1,0.541,0.5,2.3,2.7,0.5,0.3,0.5,0.3,1.6,4.7,0.546,16.3
323,Thon Maker,PF,21,DET,26,4,19.8,1.9,4.8,0.395,0.9,2.7,0.329,1,2.1,0.481,0.488,1.3,1.7,0.756,0.8,2.9,3.7,1,0.4,1.2,0.8,1.8,6,0.539,13.9
324,Boban Marjanovic,C,30,TOT,55,11,11.4,2.6,4.2,0.609,0,0.1,0.333,2.5,4.1,0.617,0.614,1.7,2.3,0.75,1.5,2.9,4.5,0.8,0.3,0.5,1,1.6,6.9,0.66,23.3
324,Boban Marjanovic,C,30,LAC,36,9,10.4,2.4,3.9,0.607,0,0.1,0,2.4,3.8,0.616,0.607,2,2.6,0.758,1.5,2.7,4.2,0.6,0.3,0.5,1,1.6,6.7,0.666,24.6
324,Boban Marjanovic,C,30,PHI,19,2,13.2,3,4.9,0.613,0.1,0.2,0.5,2.9,4.7,0.618,0.624,1.3,1.7,0.727,1.5,3.4,4.9,1.2,0.2,0.4,1.1,1.6,7.4,0.651,21.4
325,Lauri Markkanen,PF,21,CHI,52,51,32.3,6.6,15.3,0.43,2.3,6.4,0.361,4.3,8.9,0.479,0.506,3.3,3.8,0.872,1.4,7.6,9,1.4,0.7,0.6,1.6,2.3,18.7,0.553,25.1
326,Jarell Martin,PF,24,ORL,40,1,7.7,1.1,2.5,0.424,0.5,1.3,0.377,0.6,1.2,0.478,0.525,0.2,0.3,0.818,0.3,1.5,1.8,0.4,0.1,0.2,0.3,1.2,2.8,0.544,16.3
327,Frank Mason,PG,24,SAC,37,0,11.3,1.8,4.2,0.417,0.3,1.6,0.207,1.4,2.6,0.541,0.455,1,1.5,0.691,0.1,1,1.1,2.2,0.4,0.1,0.9,0.9,4.9,0.499,21.2
328,Wesley Matthews,SF-SG,32,TOT,68,67,30.4,4.1,10.2,0.4,2.2,5.9,0.373,1.9,4.3,0.437,0.507,1.9,2.4,0.81,0.5,2,2.5,2.4,0.8,0.3,1.3,2.3,12.3,0.546,17.9
328,Wesley Matthews,SF,32,DAL,44,44,29.8,4.4,10.7,0.414,2.3,6,0.38,2.1,4.7,0.456,0.52,2,2.5,0.791,0.5,1.9,2.3,2.3,0.8,0.3,1.3,2.3,13.1,0.556,18.9
328,Wesley Matthews,SG,32,NYK,2,1,27,2,9.5,0.211,1,5,0.2,1,4.5,0.222,0.263,2,2.5,0.8,0.5,1,1.5,2.5,0.5,0.5,1,1,7,0.33,18.3
328,Wesley Matthews,SG,32,IND,22,22,31.9,3.6,9.4,0.386,2.1,5.8,0.37,1.5,3.6,0.413,0.5,1.9,2.2,0.854,0.5,2.4,2.9,2.5,0.9,0.2,1.4,2.5,11.3,0.544,16.1
329,Luc Mbah a Moute,PF,32,LAC,4,0,15.3,2,4.5,0.444,0.5,1.5,0.333,1.5,3,0.5,0.5,0.5,1.3,0.4,0.5,1.3,1.8,0.5,0.3,0.3,0.5,2,5,0.495,15.4
330,Tahjere McCall,SG,24,BRK,1,0,8,2,3,0.667,0,1,0,2,2,1,0.667,0,1,0,0,1,1,0,0,0,0,2,4,0.581,18.1
331,Patrick McCaw,SG,23,TOT,29,1,13.7,0.9,2.2,0.413,0.3,1,0.321,0.6,1.2,0.486,0.484,0.4,0.5,0.867,0.2,1.4,1.7,1,0.8,0.1,0.6,1.3,2.6,0.532,9.4
331,Patrick McCaw,SG,23,CLE,3,0,17.7,0.7,3,0.222,0.3,1.3,0.25,0.3,1.7,0.2,0.278,0,0,,0,1,1,0.7,0.7,0,1,0.3,1.7,0.278,9.9
331,Patrick McCaw,SG,23,TOR,26,1,13.2,0.9,2.1,0.444,0.3,0.9,0.333,0.6,1.2,0.533,0.519,0.5,0.6,0.867,0.3,1.5,1.7,1,0.8,0.1,0.5,1.4,2.7,0.569,9.3
332,CJ McCollum,SG,27,POR,68,68,34.1,8.3,17.9,0.463,2.4,6.4,0.38,5.9,11.5,0.508,0.53,2.3,2.8,0.831,0.9,3.2,4,2.9,0.8,0.4,1.5,2.4,21.3,0.557,25.6
333,T.J. McConnell,PG,26,PHI,73,2,19.2,2.8,5.4,0.521,0.2,0.6,0.333,2.6,4.9,0.544,0.539,0.4,0.5,0.8,0.4,1.9,2.3,3.4,1,0.2,1.2,1.4,6.2,0.553,14.9
334,Doug McDermott,SF,27,IND,75,0,17.2,2.7,5.4,0.499,1.1,2.7,0.407,1.6,2.7,0.588,0.599,0.8,1,0.824,0.2,1.2,1.4,0.9,0.2,0.1,0.6,1.3,7.3,0.624,16.2
335,JaVale McGee,C,31,LAL,73,60,22.3,5.3,8.5,0.622,0,0.1,0.1,5.3,8.3,0.631,0.623,1.3,2,0.637,2.6,5,7.6,0.7,0.6,2,1.4,2.7,11.8,0.632,20
336,Rodney McGruder,SG,27,MIA,65,45,23.5,2.8,7,0.407,1.2,3.5,0.351,1.6,3.5,0.461,0.493,0.8,1.1,0.743,0.9,2.7,3.6,1.7,0.6,0.2,1,1.8,7.7,0.516,15.4
337,Alfonzo McKinnie,SF,26,GSW,69,4,13.6,1.8,3.8,0.485,0.6,1.6,0.351,1.3,2.2,0.583,0.559,0.3,0.6,0.558,1.2,2.2,3.4,0.4,0.2,0.2,0.4,1.9,4.6,0.564,14.1
338,Ben McLemore,SG,25,SAC,19,0,8.3,1.3,3.4,0.391,0.9,2.2,0.415,0.4,1.2,0.348,0.523,0.4,0.6,0.667,0.2,0.7,0.9,0.2,0.3,0.2,0.3,1.2,3.9,0.541,19.4
339,Jordan McRae,SG,27,WAS,27,0,12.3,2.3,4.8,0.469,0.4,1.3,0.286,1.9,3.5,0.537,0.508,1,1.3,0.8,0.2,1.3,1.5,1.1,0.5,0.3,0.6,1,5.9,0.55,20.4
340,Jodie Meeks,SG,31,TOR,7,0,12.3,2.6,4.9,0.529,1,2.1,0.467,1.6,2.7,0.579,0.632,0.1,0.1,1,0.1,1.4,1.6,1,0.1,0.1,0.1,0.6,6.3,0.639,17.7
341,Salah Mejri,C,32,DAL,34,4,10.4,1.4,2.8,0.495,0.3,0.7,0.36,1.1,2.1,0.543,0.542,0.5,0.8,0.607,1,2.4,3.4,0.9,0.3,0.6,0.6,1.5,3.5,0.559,15.6
342,De'Anthony Melton,PG,20,PHO,48,31,19.6,1.9,5.1,0.381,0.6,1.9,0.301,1.4,3.1,0.43,0.439,0.4,0.5,0.75,0.5,2.1,2.6,3.2,1.4,0.5,1.4,2.3,4.8,0.456,14.8
343,Chimezie Metu,PF,21,SAS,29,0,5,0.7,2,0.328,0,0.1,0,0.7,1.9,0.339,0.328,0.4,0.6,0.765,0.3,0.9,1.2,0.4,0.2,0.1,0.5,0.5,1.8,0.389,24.4
344,Khris Middleton,SF,27,MIL,74,74,31.4,6.5,14.8,0.438,2.3,6.1,0.381,4.2,8.7,0.478,0.516,2.8,3.4,0.833,0.7,5.4,6.1,4.3,1.1,0.1,2.3,2.3,18.1,0.555,24.9
345,C.J. Miles,SF,31,TOT,53,1,16.2,2.1,5.9,0.36,1.3,3.8,0.33,0.8,2,0.417,0.468,0.9,1.1,0.828,0.2,1.5,1.8,0.7,0.5,0.3,0.6,1.5,6.4,0.504,18.6
345,C.J. Miles,SF,31,TOR,40,1,14.1,1.8,5.2,0.34,1.1,3.4,0.314,0.7,1.7,0.391,0.444,0.9,1.1,0.795,0.3,1.4,1.7,0.6,0.5,0.3,0.5,1.6,5.5,0.484,18.8
345,C.J. Miles,SF,31,MEM,13,0,22.6,3.2,8.1,0.4,1.8,5.1,0.364,1.4,3,0.462,0.514,1,1.1,0.929,0.1,2,2.1,1.1,0.6,0.4,0.7,1.3,9.3,0.544,18.3
346,Darius Miller,SF,28,NOP,69,15,25.5,2.7,7,0.39,1.9,5.3,0.365,0.8,1.7,0.467,0.528,0.8,1,0.789,0.2,1.7,1.9,2.1,0.6,0.3,0.9,2.4,8.2,0.55,13.4
347,Malcolm Miller,SF,25,TOR,9,0,6.4,1.1,2.7,0.417,1.1,2.3,0.476,0,0.3,0,0.625,0.2,0.2,1,0,0.4,0.4,0.1,0.1,0.1,0.1,0.4,3.6,0.643,19.2
348,Patty Mills,PG,30,SAS,80,1,23.3,3.5,8.1,0.425,1.9,4.9,0.392,1.5,3.2,0.476,0.545,1.1,1.3,0.851,0.3,1.9,2.2,3,0.6,0.1,1.1,1.6,9.9,0.572,18.5
349,Paul Millsap,PF,33,DEN,68,63,27.1,4.7,9.6,0.488,0.8,2.3,0.364,3.9,7.3,0.527,0.531,2.6,3.6,0.728,2.2,5,7.3,2,1.2,0.8,1.4,2.6,12.8,0.573,19.7
350,Shake Milton,SG,22,PHI,17,0,11.8,1.6,3.8,0.438,0.6,1.9,0.333,1,1.8,0.548,0.523,0.2,0.3,0.8,0.4,0.9,1.4,0.8,0.3,0.3,0.3,1.3,4.2,0.536,14.9
351,Nikola Mirotic,PF,27,TOT,46,25,27.1,5.2,11.8,0.439,2.5,6.9,0.365,2.7,4.9,0.545,0.546,2.3,2.7,0.847,1.3,6.1,7.4,1.2,0.7,0.7,1,2.3,15.2,0.584,21.4
351,Nikola Mirotic,PF,27,NOP,32,22,28.9,5.7,12.7,0.447,2.7,7.2,0.368,3,5.5,0.551,0.552,2.7,3.2,0.842,1.4,6.8,8.3,1.1,0.7,0.8,1.2,2.7,16.7,0.591,21.7
351,Nikola Mirotic,PF,27,MIL,14,3,22.9,4,9.6,0.415,2.2,6.2,0.356,1.8,3.4,0.521,0.53,1.4,1.6,0.87,1,4.4,5.4,1.4,0.7,0.6,0.8,1.5,11.6,0.562,20.5
352,Donovan Mitchell,SG,22,UTA,75,75,33.7,8.6,19.8,0.432,2.4,6.7,0.359,6.1,13.1,0.469,0.493,4,5,0.804,0.8,3.3,4.1,4.2,1.4,0.4,2.8,2.7,23.5,0.534,31.6
353,Naz Mitrou-Long,SG,25,UTA,12,0,4.1,0.3,0.9,0.273,0.1,0.6,0.143,0.2,0.3,0.5,0.318,0,0,,0,0.2,0.2,0.5,0,0,0.3,0.4,0.6,0.318,13.1
354,Malik Monk,SG,20,CHO,70,0,17.2,3.2,8.2,0.389,1.5,4.6,0.333,1.7,3.6,0.458,0.482,1.3,1.5,0.882,0.2,1.6,1.8,1.6,0.5,0.2,1.2,1.4,9.2,0.519,25.1
355,Greg Monroe,C,28,TOT,40,2,10.7,1.9,4.2,0.464,0,0.1,0,1.9,4.1,0.475,0.464,0.9,1.5,0.574,1.6,2.4,4,0.4,0.3,0.2,0.8,1.5,4.7,0.49,22.5
355,Greg Monroe,C,28,TOR,38,2,11.1,1.9,4.2,0.46,0,0.1,0,1.9,4.1,0.471,0.46,0.9,1.6,0.574,1.6,2.5,4.1,0.4,0.3,0.2,0.8,1.6,4.8,0.487,22.2
355,Greg Monroe,C,28,BOS,2,0,2.5,1.5,2.5,0.6,0,0,,1.5,2.5,0.6,0.6,0,0,,1.5,0,1.5,0.5,0,0,0,0,3,0.6,43.1
356,E'Twaun Moore,SG,29,NOP,53,36,27.6,4.8,10,0.481,1.4,3.3,0.432,3.4,6.7,0.506,0.553,0.8,1.1,0.763,0.7,1.7,2.4,1.9,0.8,0.2,1.1,2.1,11.9,0.567,17.3
357,Eric Moreland,PF,27,TOT,4,0,9,0.8,1.5,0.5,0.3,0.3,1,0.5,1.3,0.4,0.583,0,0,,0.8,3.3,4,1,0,0,0.8,2.3,1.8,0.583,10.7
357,Eric Moreland,PF,27,PHO,1,0,5,0,0,,0,0,,0,0,,,0,0,,0,3,3,0,0,0,0,1,0,,0
357,Eric Moreland,PF,27,TOR,3,0,10.3,1,2,0.5,0.3,0.3,1,0.7,1.7,0.4,0.583,0,0,,1,3.3,4.3,1.3,0,0,1,2.7,2.3,0.583,12.5
358,Jaylen Morris,SG,23,MIL,4,0,7.3,1,2.5,0.4,0.3,0.8,0.333,0.8,1.8,0.429,0.45,0.3,0.5,0.5,0,1.3,1.3,1,0.5,0,0.3,0.3,2.5,0.46,17.2
359,Marcus Morris,PF,29,BOS,74,53,27.8,5.1,11.3,0.449,1.9,5.2,0.376,3.1,6.1,0.511,0.535,1.9,2.2,0.837,1,5.1,6.1,1.5,0.6,0.3,1.2,2.4,14,0.569,20.9
360,Markieff Morris,PF,29,TOT,55,16,22,3.5,8.4,0.415,1.2,3.5,0.33,2.3,4.8,0.477,0.485,1.3,1.6,0.778,1,3.4,4.4,1.4,0.7,0.4,1,3,9.4,0.516,19.2
360,Markieff Morris,PF,29,WAS,34,15,26,4.2,9.6,0.436,1.4,4.2,0.333,2.8,5.4,0.516,0.509,1.7,2.1,0.781,1.2,3.9,5.1,1.8,0.7,0.6,1.4,3.4,11.5,0.543,19.6
360,Markieff Morris,PF,29,OKC,21,1,15.5,2.3,6.3,0.364,0.8,2.4,0.32,1.5,3.9,0.39,0.424,0.6,0.8,0.765,0.7,2.6,3.2,0.7,0.5,0.1,0.3,2.3,6,0.448,18.2
361,Monte Morris,PG,23,DEN,79,5,24,4.2,8.5,0.494,1.1,2.8,0.413,3.1,5.8,0.533,0.561,0.7,0.9,0.792,0.4,1.9,2.4,3.6,0.9,0.1,0.7,1.2,10.3,0.576,17.1
362,Donatas Motiejunas,F-C,28,SAS,1,0,4,1,4,0.25,0,0,,1,4,0.25,0.25,0,0,,1,0,1,0,0,1,1,1,2,0.25,55
363,Johnathan Motley,PF,23,LAC,21,0,6.9,1.7,3.2,0.522,0,0.1,0,1.7,3,0.547,0.522,1.1,1.8,0.605,0.8,1.4,2.1,0.5,0.2,0.1,0.7,1.2,4.4,0.555,28.9
364,Emmanuel Mudiay,PG,22,NYK,59,42,27.2,5.6,12.5,0.446,1.2,3.6,0.329,4.4,9,0.492,0.493,2.4,3.2,0.774,0.6,2.8,3.3,3.9,0.7,0.3,2.4,1.7,14.8,0.531,25.5
365,Jamal Murray,PG,21,DEN,73,72,32.6,6.8,15.6,0.437,2,5.5,0.364,4.8,10.1,0.476,0.501,2.5,3,0.857,0.9,3.3,4.2,4.9,0.9,0.4,2.1,2.1,18.2,0.537,24.9
366,Dzanan Musa,SG,19,BRK,8,0,4.3,1,2.5,0.4,0,1.1,0,1,1.4,0.727,0.4,0,0.3,0,0.1,0.4,0.5,0.1,0.3,0,0.5,0.1,2,0.383,30.8
367,Mike Muscala,PF,27,TOT,62,8,19.9,2.1,5.5,0.39,1.3,3.9,0.333,0.8,1.6,0.531,0.509,1.1,1.4,0.824,0.9,2.9,3.7,1.2,0.4,0.6,0.7,2,6.7,0.551,14.4
367,Mike Muscala,PF,27,PHI,47,6,22.1,2.3,5.9,0.392,1.4,4.2,0.342,0.9,1.7,0.519,0.514,1.3,1.6,0.818,1.1,3.2,4.3,1.3,0.4,0.6,0.9,2.4,7.4,0.56,14.3
367,Mike Muscala,PF,27,LAL,15,2,12.7,1.6,4.2,0.381,0.9,2.9,0.295,0.7,1.3,0.579,0.484,0.5,0.5,0.875,0.1,1.9,2.1,0.8,0.3,0.7,0.1,1,4.5,0.511,14.9
368,Sviatoslav Mykhailiuk,SF,21,TOT,42,0,10.5,1.1,3.3,0.329,0.7,2.1,0.326,0.4,1.2,0.333,0.432,0.3,0.5,0.6,0.2,0.6,0.9,0.9,0.3,0,0.5,0.6,3.2,0.447,16
368,Sviatoslav Mykhailiuk,SF,21,LAL,39,0,10.8,1.1,3.4,0.333,0.7,2.2,0.318,0.4,1.2,0.362,0.436,0.3,0.5,0.6,0.2,0.7,0.9,0.8,0.3,0,0.5,0.6,3.3,0.451,15.9
368,Sviatoslav Mykhailiuk,SF,21,DET,3,0,6.7,0.7,2.7,0.25,0.7,1.3,0.5,0,1.3,0,0.375,0,0,,0.3,0.3,0.7,1.3,0.3,0,0.3,0,2,0.375,19.4
369,Abdel Nader,SF,25,OKC,60,1,11.3,1.4,3.4,0.424,0.5,1.6,0.33,0.9,1.8,0.505,0.5,0.5,0.6,0.771,0.2,1.6,1.8,0.3,0.3,0.2,0.4,1.1,3.8,0.527,14.5
370,Larry Nance,C,26,CLE,65,28,26.5,3.7,7.1,0.522,0.5,1.4,0.34,3.2,5.7,0.568,0.556,1.4,2,0.708,2.5,5.7,8.1,3.1,1.5,0.6,1.5,2.9,9.3,0.584,15.6
371,Shabazz Napier,PG,27,BRK,55,2,17.3,2.9,7.6,0.388,1.3,3.9,0.326,1.7,3.7,0.453,0.471,2.1,2.5,0.833,0.3,1.5,1.7,2.5,0.7,0.3,1.2,1.2,9.3,0.532,24.1
372,Raul Neto,PG,26,UTA,37,1,12.8,2,4.4,0.46,0.5,1.6,0.333,1.5,2.7,0.535,0.522,0.8,0.9,0.848,0.2,1.5,1.7,2.5,0.4,0.1,0.9,1.3,5.3,0.558,19
373,Georges Niang,PF,25,UTA,56,0,7.6,1.2,2.6,0.469,0.7,1.6,0.424,0.5,0.9,0.547,0.603,0.2,0.3,0.765,0.2,1.2,1.4,0.5,0.2,0.1,0.3,0.9,3.4,0.616,16.8
374,Joakim Noah,C,33,MEM,42,1,16.5,2.6,5.1,0.516,0,0,0,2.6,5,0.519,0.516,1.9,2.6,0.716,1.4,4.3,5.7,2.1,0.5,0.7,1.2,2.3,7.1,0.571,20.1
375,Nerlens Noel,C,24,OKC,74,2,13.8,2.1,3.6,0.586,0,0,,2.1,3.6,0.586,0.586,0.7,1,0.675,1.7,2.6,4.3,0.6,0.9,1.2,0.6,2.2,4.9,0.606,13.8
376,Dirk Nowitzki,PF,40,DAL,48,17,15,2.4,6.6,0.361,1.2,3.8,0.311,1.2,2.8,0.426,0.45,0.7,0.9,0.756,0.1,2.7,2.8,0.6,0.2,0.3,0.3,1.5,6.7,0.474,21.2
377,Frank Ntilikina,PG,20,NYK,43,16,21,2.2,6.6,0.337,0.8,2.7,0.287,1.4,3.9,0.371,0.395,0.5,0.7,0.767,0.3,1.7,2,2.8,0.7,0.3,1.3,2.4,5.7,0.417,16.6
378,James Nunnally,SF,28,TOT,15,0,6.8,0.8,2.3,0.353,0.5,1.7,0.32,0.3,0.6,0.444,0.471,0.3,0.3,1,0,0.3,0.3,0.5,0.1,0,0.1,0.7,2.4,0.503,15.3
378,James Nunnally,SF,28,MIN,13,0,4.9,0.7,1.6,0.429,0.4,1,0.385,0.3,0.6,0.5,0.548,0.3,0.3,1,0,0.3,0.3,0.4,0.1,0,0.1,0.3,2.1,0.593,15.6
378,James Nunnally,SF,28,HOU,2,0,19,1.5,6.5,0.231,1.5,6,0.25,0,0.5,0,0.346,0,0,,0,0.5,0.5,1,0,0,0,3,4.5,0.346,14.9
379,Jusuf Nurkic,C,24,POR,72,72,27.4,5.8,11.5,0.508,0,0.4,0.103,5.8,11.1,0.523,0.51,3.9,5.1,0.773,3.4,7,10.4,3.2,1,1.4,2.3,3.5,15.6,0.57,24.7
380,David Nwaba,SG,26,CLE,49,14,19.4,2.6,5.2,0.49,0.5,1.5,0.324,2.1,3.7,0.558,0.537,1.2,1.7,0.682,0.8,2.3,3.2,1.1,0.7,0.3,0.5,2,6.8,0.568,14.6
381,Royce O'Neale,SF,25,UTA,79,13,20,1.9,4.1,0.478,0.8,2,0.398,1.1,2,0.559,0.578,0.4,0.5,0.756,0.3,3.2,3.4,1.5,0.7,0.3,0.9,2.1,5.1,0.593,11.1
382,Kyle O'Quinn,C,28,IND,43,2,8.3,1.5,2.9,0.508,0,0.3,0.091,1.5,2.7,0.548,0.512,0.3,0.4,0.789,0.6,2,2.7,1.3,0.2,0.5,0.7,1.5,3.3,0.536,20.1
383,Semi Ojeleye,PF,24,BOS,55,2,10.1,1.1,2.6,0.426,0.5,1.5,0.317,0.6,1.1,0.576,0.518,0.4,0.6,0.657,0.4,1.1,1.5,0.4,0.2,0.1,0.3,0.8,3.1,0.54,13.6
384,Jahlil Okafor,C,23,NOP,57,22,15.1,3.3,5.7,0.577,0,0.1,0,3.3,5.6,0.583,0.577,1,1.5,0.671,1.3,3.2,4.5,0.6,0.2,0.7,0.8,1.6,7.6,0.596,19.5
385,Elie Okobo,PG,21,PHO,51,14,17.8,2.1,5.4,0.387,0.7,2.5,0.286,1.4,2.9,0.473,0.453,0.6,0.8,0.767,0.2,1.6,1.8,2.4,0.6,0.1,1.3,2,5.5,0.48,17
386,Josh Okogie,SG,20,MIN,71,49,23.7,2.7,7,0.387,0.8,3,0.28,1.9,4,0.467,0.447,1.6,2.2,0.73,0.6,2.5,3,1.2,1.2,0.4,0.9,2.2,7.9,0.494,15.6
387,Victor Oladipo,SG,26,IND,36,36,31.9,6.9,16.3,0.423,2.1,6,0.343,4.9,10.3,0.47,0.486,2.9,3.9,0.73,0.6,5,5.6,5.2,1.7,0.3,2.3,2,18.8,0.519,27.9
388,Kelly Olynyk,PF,27,MIA,76,33,23.1,3.3,7.2,0.462,1.4,4.1,0.354,1.9,3.1,0.604,0.562,2,2.4,0.82,0.9,3.8,4.8,1.8,0.7,0.4,1.4,2.4,10.1,0.61,18
389,Cedi Osman,SF,23,CLE,74,73,32.1,4.7,11.1,0.426,1.7,4.9,0.348,3,6.1,0.488,0.503,1.9,2.4,0.783,0.6,4.1,4.7,2.6,0.8,0.1,1.5,2.6,13,0.536,18.6
390,Kelly Oubre,SF,23,TOT,69,19,28,5.4,12.2,0.445,1.6,4.9,0.32,3.9,7.3,0.53,0.51,2.7,3.5,0.775,1,3.7,4.7,1.2,1.2,0.9,1.5,2.6,15.2,0.551,23.3
390,Kelly Oubre,SF,23,WAS,29,7,26,4.6,10.5,0.433,1.4,4.6,0.311,3.1,6,0.526,0.5,2.3,2.9,0.8,0.8,3.6,4.4,0.7,0.9,0.7,1,2.4,12.9,0.545,20.9
390,Kelly Oubre,SF,23,PHO,40,12,29.5,6.1,13.4,0.453,1.7,5.2,0.325,4.4,8.3,0.532,0.515,3,4,0.761,1.2,3.7,4.9,1.6,1.4,1,1.8,2.8,16.9,0.555,24.8
391,Zaza Pachulia,C,34,DET,66,3,13,1.2,2.8,0.443,0,0.1,0,1.2,2.7,0.453,0.443,1.4,1.8,0.783,1.4,2.4,3.8,1.3,0.5,0.3,0.8,2.2,3.9,0.542,14.7
392,Jabari Parker,PF,23,TOT,64,17,26.9,5.8,11.7,0.493,1,3,0.313,4.8,8.7,0.556,0.533,2,2.9,0.712,1.2,5.3,6.6,2.4,0.7,0.5,2.4,2.3,14.5,0.56,24.6
392,Jabari Parker,PF,23,CHI,39,17,26.7,5.6,11.9,0.474,0.9,2.9,0.325,4.7,9,0.523,0.514,2,2.8,0.731,1.1,5.1,6.2,2.2,0.6,0.4,2.2,2.2,14.3,0.543,24.9
392,Jabari Parker,PF,23,WAS,25,0,27.3,6,11.4,0.523,1,3.2,0.296,5,8.2,0.613,0.565,2.1,3,0.684,1.5,5.7,7.2,2.7,0.9,0.6,2.7,2.3,15,0.587,24
393,Tony Parker,PG,36,CHO,56,0,17.9,3.8,8.3,0.46,0.2,0.9,0.255,3.6,7.4,0.485,0.474,1.6,2.2,0.734,0.3,1.2,1.5,3.7,0.4,0.1,1.3,0.9,9.5,0.512,25.4
394,Chandler Parsons,SF,30,MEM,23,3,19,2.7,6.9,0.39,1.1,3.7,0.31,1.6,3.3,0.48,0.472,0.8,0.9,0.857,0.1,2.6,2.7,1.4,0.8,0.2,1.1,1.8,7.3,0.499,19.9
395,Patrick Patterson,PF,29,OKC,62,5,13.9,1.3,3.5,0.374,0.7,2.2,0.336,0.6,1.3,0.439,0.479,0.3,0.5,0.633,0.7,1.7,2.4,0.5,0.3,0.2,0.4,0.7,3.7,0.493,12
396,Justin Patton,C,21,PHI,3,0,7,0.7,2.3,0.286,0,0.7,0,0.7,1.7,0.4,0.286,0.3,0.7,0.5,0.7,1.3,2,1,0.7,0,0,1.7,1.7,0.317,15.7
397,Chris Paul,PG,33,HOU,56,56,32.1,5.2,12.4,0.418,2.1,6.1,0.352,3.1,6.4,0.48,0.504,3.1,3.6,0.861,0.6,3.9,4.6,8.2,1.9,0.3,2.6,2.6,15.6,0.557,22.6
398,Cameron Payne,PG,24,TOT,40,13,17.8,2.4,5.6,0.43,0.6,2.1,0.298,1.8,3.5,0.511,0.487,0.8,1,0.805,0.3,1.5,1.8,2.7,0.7,0.2,1.1,1.6,6.3,0.519,17.5
398,Cameron Payne,PG,24,CHI,31,12,17.3,2.2,5.4,0.411,0.5,1.9,0.271,1.7,3.5,0.486,0.458,0.7,0.8,0.88,0.3,1.4,1.7,2.7,0.6,0.2,1.1,1.6,5.7,0.492,17.3
398,Cameron Payne,PG,24,CLE,9,1,19.6,3,6.1,0.491,1,2.8,0.36,2,3.3,0.6,0.573,1.2,1.8,0.688,0.3,1.8,2.1,2.6,0.9,0.3,1.2,1.7,8.2,0.596,18.1
399,Elfrid Payton,PG,24,NOP,40,40,29.6,4.2,9.7,0.432,0.8,2.4,0.32,3.4,7.3,0.469,0.472,1.3,1.7,0.746,1.2,4,5.2,7.5,1.1,0.3,2.6,2,10.4,0.498,18.1
400,Gary Payton,PG,26,WAS,3,0,5.3,1.7,2.7,0.625,0.3,0.7,0.5,1.3,2,0.667,0.688,0,0,,0.3,0.3,0.7,1.3,1,0.3,0.3,0.7,3.7,0.688,23.9
401,Theo Pinson,SG,23,BRK,17,0,11.3,1.4,3.9,0.348,0.7,2.5,0.286,0.6,1.4,0.458,0.439,1.1,1.3,0.864,0.1,1.8,1.9,1.1,0.3,0,0.9,0.8,4.5,0.509,19.9
402,Mason Plumlee,C,28,DEN,79,16,20.9,3.2,5.3,0.599,0,0.1,0.2,3.2,5.2,0.608,0.601,1.4,2.4,0.565,2,4.3,6.3,2.9,0.8,0.9,1.6,3.1,7.8,0.608,16.3
403,Miles Plumlee,C,30,ATL,18,0,9.6,1.8,2.7,0.667,0,0,,1.8,2.7,0.667,0.667,0.9,1.7,0.533,0.9,1.3,2.2,0.9,0.3,0.2,0.6,0.8,4.4,0.654,16.8
404,Jakob Poeltl,C,23,SAS,75,22,16.4,2.4,3.8,0.642,0,0,,2.4,3.8,0.642,0.642,0.7,1.2,0.533,2.3,3,5.3,1.2,0.4,0.9,0.6,1.6,5.5,0.637,13.3
405,Quincy Pondexter,SF,30,SAS,51,0,5.6,0.5,1.1,0.482,0.1,0.4,0.333,0.4,0.7,0.553,0.536,0.6,0.8,0.8,0.2,0.7,0.9,0.5,0.2,0,0.2,0.5,1.8,0.625,13.3
406,Otto Porter,SF,25,TOT,56,43,30.1,5.3,11.5,0.465,1.9,4.6,0.406,3.5,6.9,0.504,0.546,1.4,1.7,0.813,1,4.6,5.6,2.1,1.5,0.6,1.2,1.9,13.9,0.569,19.1
406,Otto Porter,SF,25,WAS,41,28,29,4.9,10.8,0.457,1.6,4.3,0.369,3.3,6.5,0.515,0.531,1.2,1.6,0.766,1,4.7,5.6,2,1.6,0.5,1,1.9,12.6,0.551,18.2
406,Otto Porter,SF,25,CHI,15,15,32.8,6.5,13.4,0.483,2.6,5.3,0.488,3.9,8.1,0.479,0.58,1.9,2.1,0.906,0.9,4.6,5.5,2.7,1.2,0.6,1.7,1.9,17.5,0.609,21.3
407,Bobby Portis,PF,23,TOT,48,26,26.1,5.6,12.6,0.448,1.5,3.8,0.393,4.1,8.8,0.472,0.507,1.5,2,0.787,2.1,5.9,8,1.4,0.7,0.4,1.5,2.9,14.3,0.532,24.6
407,Bobby Portis,PF,23,CHI,22,6,24.1,5.5,12.3,0.45,1.2,3.3,0.375,4.3,9,0.477,0.5,1.8,2.3,0.78,2.1,5.2,7.3,1.3,0.5,0.4,1.3,2.8,14.1,0.529,26.5
407,Bobby Portis,PF,23,WAS,26,20,27.7,5.7,12.8,0.446,1.7,4.3,0.405,4,8.6,0.466,0.513,1.3,1.7,0.795,2.2,6.5,8.6,1.5,0.9,0.5,1.6,3.1,14.5,0.535,23.3
408,Dwight Powell,C,27,DAL,74,19,21.4,3.8,6.3,0.596,0.5,1.7,0.315,3.2,4.6,0.698,0.638,2.5,3.2,0.774,1.7,3.5,5.2,1.4,0.6,0.6,0.9,2.6,10.6,0.682,17.3
409,Norman Powell,SG,25,TOR,58,3,18.7,3.1,6.6,0.475,1.1,2.8,0.383,2.1,3.8,0.543,0.556,1,1.2,0.826,0.3,2,2.3,1.5,0.6,0.2,1.1,1.6,8.3,0.584,18.9
410,Alex Poythress,PF,25,ATL,21,1,14.5,1.9,3.9,0.494,0.4,1.1,0.391,1.5,2.8,0.534,0.549,0.9,1.4,0.621,1.4,2.2,3.6,0.8,0.2,0.5,0.6,2.2,5.1,0.571,14.3
411,Zhou Qi,PF,23,HOU,1,0,1,1,1,1,0,0,,1,1,1,1,0,0,,0,0,0,0,0,0,0,0,2,1,43.4
412,Ivan Rabb,PF,21,MEM,46,11,13.8,2.3,4.1,0.556,0.1,0.3,0.231,2.2,3.8,0.58,0.563,0.9,1.3,0.712,1.4,2.6,4,0.9,0.3,0.3,0.7,1.7,5.5,0.593,17.3
413,Chasson Randle,PG,25,WAS,47,2,14.7,1.8,4.2,0.427,0.9,2.1,0.406,0.9,2.1,0.449,0.53,0.9,1.2,0.69,0.2,0.9,1.1,1.9,0.5,0.1,0.9,1.8,5.3,0.559,16.3
414,Julius Randle,PF,24,NOP,73,49,30.6,7.8,14.9,0.524,0.9,2.7,0.344,6.9,12.2,0.564,0.555,4.9,6.7,0.731,2.2,6.5,8.7,3.1,0.7,0.6,2.8,3.4,21.4,0.6,27.8
415,J.J. Redick,SG,34,PHI,75,62,31.4,5.9,13.5,0.437,3.1,8,0.395,2.8,5.6,0.499,0.554,3,3.4,0.893,0.3,2.1,2.4,2.7,0.4,0.2,1.3,1.7,18,0.599,21.8
416,Davon Reed,SG,23,IND,8,0,2.8,0.3,0.5,0.5,0.1,0.1,1,0.1,0.4,0.333,0.625,0,0,,0.1,0.1,0.3,0.3,0,0,0.1,0.1,0.6,0.625,9.9
417,Cameron Reynolds,SG,23,MIN,16,0,12.9,1.4,3.6,0.404,0.9,2.3,0.378,0.6,1.3,0.45,0.526,0.5,0.6,0.889,0.3,1.2,1.4,0.6,0.3,0.1,0.1,1.2,4.3,0.558,12.8
418,Josh Richardson,SG,25,MIA,73,73,34.8,5.8,14.1,0.412,2.2,6.3,0.357,3.5,7.8,0.458,0.492,2.7,3.2,0.861,0.7,2.9,3.6,4.1,1.1,0.5,1.5,2.7,16.6,0.536,20.9
419,Malachi Richardson,SG,23,TOR,22,0,4.7,0.4,1.3,0.31,0.4,1.1,0.32,0,0.2,0.25,0.448,0.2,0.2,0.8,0.1,0.5,0.6,0,0,0,0.4,0.6,1.4,0.481,16.3
420,Austin Rivers,SG,26,TOT,74,15,26.8,3.1,7.6,0.406,1.4,4.3,0.318,1.7,3.3,0.523,0.496,0.7,1.3,0.532,0.3,1.8,2.1,2.2,0.6,0.3,0.9,2.8,8.2,0.504,14.5
420,Austin Rivers,SG,26,WAS,29,2,23.6,2.6,6.7,0.392,1.1,3.7,0.311,1.5,3,0.489,0.477,0.9,1.6,0.543,0.3,2.1,2.4,2,0.6,0.3,1.2,2.5,7.2,0.49,15.6
420,Austin Rivers,SG,26,HOU,45,13,28.9,3.4,8.1,0.414,1.5,4.7,0.321,1.8,3.4,0.542,0.507,0.6,1.1,0.521,0.3,1.6,2,2.3,0.6,0.3,0.7,3,8.8,0.511,14
421,Devin Robinson,SF,23,WAS,5,0,9.2,1.8,3,0.6,0,0,,1.8,3,0.6,0.6,1,1.6,0.625,0.6,1.8,2.4,0.6,0.6,0.6,0,1,4.6,0.621,17.1
422,Duncan Robinson,PF,24,MIA,13,1,8.8,0.8,2.5,0.344,0.5,2,0.269,0.3,0.5,0.667,0.453,0.2,0.2,0.667,0,1,1,0.2,0.2,0,0.2,0.6,2.4,0.465,13.3
423,Glenn Robinson,SF,25,DET,45,18,12.6,1.6,3.7,0.419,0.4,1.3,0.288,1.2,2.4,0.491,0.47,0.7,0.8,0.816,0.4,1,1.4,0.4,0.3,0.2,0.4,1,4.2,0.512,15.3
424,Jerome Robinson,SG,21,LAC,31,0,9.4,1.2,3.2,0.378,0.5,1.7,0.302,0.7,1.5,0.467,0.459,0.2,0.2,0.714,0.1,1,1.1,0.5,0.3,0.1,0.3,1.4,3.1,0.47,16
425,Mitchell Robinson,C,20,NYK,63,16,20.1,3,4.3,0.693,0,0,,3,4.3,0.693,0.693,1.2,2,0.586,2.7,3.5,6.2,0.6,0.8,2.5,0.5,3.3,7.2,0.689,12.3
426,Rajon Rondo,PG,32,LAL,46,29,29.8,3.8,9.4,0.405,1.1,3.1,0.359,2.7,6.3,0.428,0.464,0.5,0.8,0.639,0.7,4.5,5.3,8,1.2,0.2,2.8,2.2,9.2,0.473,17.4
427,Derrick Rose,PG,30,MIN,51,13,27.3,7.1,14.8,0.482,1.1,2.9,0.37,6.1,11.9,0.509,0.518,2.7,3.1,0.856,0.6,2.1,2.7,4.3,0.6,0.2,1.6,1.1,18,0.557,27.3
428,Terrence Ross,SG,27,ORL,79,0,26.5,5.3,12.6,0.424,2.6,6.9,0.378,2.7,5.7,0.48,0.528,1.4,1.6,0.862,0.3,3.1,3.4,1.6,0.9,0.4,1.1,1.5,14.7,0.552,23.7
429,Terry Rozier,PG,24,BOS,77,13,22.7,3.2,8.4,0.383,1.5,4.2,0.35,1.7,4.1,0.417,0.471,0.9,1.2,0.791,0.4,3.5,3.9,2.9,0.9,0.3,0.8,1.3,8.8,0.496,18.5
430,Ricky Rubio,PG,28,UTA,68,67,27.9,4.3,10.7,0.404,1.2,3.7,0.311,3.2,7,0.454,0.458,2.9,3.4,0.855,0.5,3.1,3.6,6.1,1.3,0.1,2.6,2.6,12.7,0.52,22.8
431,D'Angelo Russell,PG,22,BRK,78,78,30.3,8.1,18.9,0.431,2.9,7.9,0.362,5.3,11,0.48,0.506,2,2.5,0.777,0.6,3.2,3.8,6.9,1.2,0.2,3.2,1.8,21.1,0.527,32.1
432,Domantas Sabonis,C,22,IND,73,5,24.8,5.5,9.4,0.589,0.1,0.2,0.529,5.4,9.2,0.59,0.595,2.8,4,0.716,2.5,6.8,9.3,2.9,0.7,0.4,2.2,3.2,14.1,0.629,23.5
433,Brandon Sampson,SG,21,CHI,11,2,13,1.6,3.6,0.45,0.5,1.8,0.25,1.2,1.8,0.65,0.513,0.3,0.4,0.75,0.1,0.9,1,0.6,0.4,0.2,0.9,1.1,4,0.527,15.8
434,JaKarr Sampson,SF,25,CHI,2,0,29.5,7,10.5,0.667,1.5,2,0.75,5.5,8.5,0.647,0.738,4.5,5,0.9,1.5,6.5,8,1,1.5,0.5,1.5,3,20,0.787,21
435,Dario Saric,PF,24,TOT,78,38,24.8,3.7,8.4,0.436,1.4,3.9,0.366,2.2,4.5,0.496,0.521,1.6,1.8,0.875,1.6,4.1,5.6,1.6,0.6,0.1,1.2,2.2,10.4,0.562,17.6
435,Dario Saric,PF,24,PHI,13,13,30.5,3.7,10.2,0.364,1.6,5.4,0.3,2.1,4.8,0.435,0.443,2.1,2.3,0.9,1.6,5,6.6,2,0.3,0.2,1.9,3,11.1,0.496,18
435,Dario Saric,PF,24,MIN,65,25,23.7,3.7,8.1,0.454,1.4,3.6,0.386,2.3,4.5,0.509,0.54,1.5,1.8,0.868,1.6,3.9,5.4,1.5,0.6,0.1,1.1,2.1,10.2,0.579,17.5
436,Tomas Satoransky,PG,27,WAS,78,52,27,3.2,6.6,0.482,0.8,2,0.389,2.4,4.6,0.522,0.541,1.6,2,0.824,1,2.4,3.5,5,1,0.2,1.5,2.2,8.8,0.586,14.1
437,Dennis Schroder,PG,25,OKC,76,13,29.1,5.7,13.9,0.411,1.5,4.5,0.33,4.3,9.4,0.45,0.465,2.3,2.9,0.811,0.5,3.1,3.6,4.2,0.8,0.2,2.2,2.4,15.3,0.502,24.3
438,Mike Scott,PF,30,TOT,77,1,17.5,2.1,5.3,0.399,1.3,3.2,0.399,0.8,2.1,0.399,0.519,0.3,0.4,0.667,0.5,2.9,3.4,0.8,0.3,0.2,0.6,2,5.8,0.528,14.6
438,Mike Scott,PF,30,LAC,52,0,14.4,1.8,4.4,0.4,1,2.6,0.391,0.8,1.9,0.412,0.513,0.2,0.3,0.667,0.5,2.9,3.3,0.8,0.3,0.2,0.5,1.7,4.8,0.521,15
438,Mike Scott,PF,30,PHI,25,1,24.1,2.9,7.2,0.398,1.9,4.6,0.409,1,2.6,0.379,0.528,0.4,0.6,0.667,0.7,2.8,3.5,0.8,0.4,0.2,0.7,2.6,8,0.536,14.2
439,Thabo Sefolosha,SF,34,UTA,47,1,11.6,1.3,2.8,0.477,0.6,1.5,0.429,0.7,1.3,0.533,0.592,0.3,0.5,0.636,0.1,2.2,2.4,0.5,0.8,0.1,0.5,0.9,3.6,0.601,12.8
440,Wayne Selden,SG,24,TOT,72,10,19.1,2.6,6.4,0.409,0.7,2.3,0.321,1.9,4.1,0.458,0.466,0.9,1.3,0.744,0.5,1.8,2.3,1.4,0.5,0.2,1.1,1.8,6.9,0.496,18.4
440,Wayne Selden,SG,24,MEM,32,0,14.2,2,5,0.404,0.6,2,0.317,1.4,3.1,0.459,0.466,0.7,0.9,0.759,0.5,0.9,1.4,1.1,0.3,0.2,0.7,1.5,5.4,0.495,19.3
440,Wayne Selden,SG,24,CHI,40,10,23.1,3.1,7.5,0.411,0.8,2.6,0.324,2.3,4.9,0.457,0.467,1.1,1.5,0.738,0.5,2.5,3,1.6,0.6,0.2,1.3,2,8.1,0.497,17.9
441,Collin Sexton,PG,20,CLE,80,70,31.6,6.3,14.7,0.43,1.5,3.5,0.411,4.9,11.2,0.436,0.48,2.6,3.1,0.841,0.7,2.2,2.9,2.9,0.5,0.1,2.2,2.3,16.7,0.52,25.3
442,Landry Shamet,SG,21,TOT,77,25,22.6,3,7,0.428,2.1,5,0.416,0.9,2,0.458,0.576,0.9,1.1,0.828,0.3,1.4,1.6,1.4,0.5,0.1,0.5,2,9,0.601,14.9
442,Landry Shamet,SG,21,PHI,54,4,20.5,2.8,6.4,0.441,1.8,4.5,0.404,1,1.9,0.529,0.584,0.8,1,0.815,0.3,1.2,1.4,1.1,0.4,0.1,0.5,2,8.3,0.606,15
442,Landry Shamet,SG,21,LAC,23,21,27.6,3.3,8.3,0.405,2.6,6,0.438,0.7,2.3,0.321,0.563,1.2,1.4,0.848,0.3,1.9,2.1,2.2,0.6,0,0.7,2,10.5,0.592,14.7
443,Iman Shumpert,SG,28,TOT,61,41,24,2.7,7.2,0.374,1.5,4.4,0.348,1.2,2.8,0.415,0.481,0.6,0.7,0.8,0.4,2.5,3,1.8,1,0.4,0.8,2.1,7.5,0.499,14.6
443,Iman Shumpert,SG,28,SAC,42,40,26.2,3.2,8.3,0.382,1.8,4.8,0.366,1.4,3.5,0.404,0.489,0.8,1,0.829,0.5,2.6,3.1,2.2,1.1,0.5,0.9,2.2,8.9,0.511,15.2
443,Iman Shumpert,SG,28,HOU,19,1,19.1,1.7,4.9,0.344,1.1,3.6,0.294,0.6,1.3,0.48,0.452,0.1,0.2,0.5,0.4,2.4,2.8,1.1,0.6,0.2,0.6,1.8,4.5,0.454,12.8
444,Pascal Siakam,PF,24,TOR,78,77,32,6.5,11.9,0.546,1,2.7,0.362,5.5,9.3,0.598,0.586,3,3.8,0.784,1.6,5.3,6.9,3.1,0.9,0.7,1.9,3,16.9,0.624,20.8
445,Jordan Sibert,SG,26,ATL,1,0,4,1,1,1,1,1,1,0,0,,1.5,0,0,,0,0,0,0,0,0,0,0,3,1.5,10.2
446,Ben Simmons,PG,22,PHI,77,77,34.5,6.8,12.2,0.562,0,0.1,0,6.8,12.1,0.565,0.562,3.3,5.5,0.601,2.2,6.8,8.9,7.9,1.4,0.8,3.5,2.7,17,0.582,22
447,Jonathon Simmons,SG-SF,29,TOT,54,9,18.7,2.2,6.1,0.367,0.4,1.8,0.242,1.8,4.3,0.418,0.402,1.3,1.7,0.742,0.5,1.7,2.2,2.1,0.5,0.3,1.2,1.6,6.1,0.451,18.6
447,Jonathon Simmons,SG,29,ORL,41,9,20.6,2.5,7,0.364,0.5,2,0.229,2.1,5,0.419,0.397,1.4,1.8,0.778,0.6,1.9,2.4,2.3,0.4,0.3,1.4,1.7,6.9,0.445,19.3
447,Jonathon Simmons,SF,29,PHI,13,0,12.5,1.2,3.2,0.39,0.3,0.9,0.333,0.9,2.2,0.414,0.439,1,1.6,0.619,0.2,1.1,1.3,1.5,0.6,0,0.6,1.5,3.8,0.488,15
448,Kobi Simmons,PG,21,CLE,1,0,2,0,0,,0,0,,0,0,,,0,0,,0,0,0,0,0,0,0,0,0,,0
449,Anfernee Simons,SG,19,POR,19,0,4.9,0.8,2.2,0.357,0.2,0.9,0.167,0.6,1.3,0.5,0.393,0.3,0.5,0.5,0,0.4,0.4,0.2,0,0,0.5,0.4,2,0.409,25.2
450,Marcus Smart,SG,24,BOS,79,59,27.6,3,7.1,0.422,1.6,4.3,0.364,1.4,2.8,0.511,0.532,1.3,1.6,0.806,0.7,2.2,2.9,4,1.8,0.4,1.5,2.5,8.9,0.567,14.6
451,Dennis Smith,PG,21,TOT,51,49,28.4,5.1,12.1,0.426,1.2,3.8,0.32,3.9,8.3,0.475,0.476,1.9,2.9,0.64,0.6,2.4,3,4.7,1.3,0.4,2.8,2.5,13.4,0.501,24.5
451,Dennis Smith,PG,21,DAL,32,32,28.4,4.9,11.2,0.44,1.3,3.9,0.344,3.6,7.3,0.491,0.5,1.8,2.6,0.695,0.6,2.5,3,4.3,1.3,0.3,3.1,2.6,12.9,0.527,23.3
451,Dennis Smith,PG,21,NYK,19,17,28.4,5.5,13.6,0.407,1,3.6,0.275,4.5,9.9,0.455,0.444,2.1,3.6,0.574,0.7,2.2,2.9,5.5,1.4,0.5,2.4,2.4,14.1,0.465,26.3
452,Ish Smith,PG,30,DET,53,0,22.2,3.5,8.5,0.411,0.8,2.4,0.325,2.7,6.2,0.443,0.456,0.8,1.1,0.772,0.4,2.2,2.6,3.6,0.5,0.2,1.1,1.9,8.6,0.478,19.7
453,J.R. Smith,SG,33,CLE,11,4,20.2,2.5,7.2,0.342,1.1,3.5,0.308,1.4,3.6,0.375,0.418,0.7,0.9,0.8,0,1.6,1.6,1.9,1,0.3,1,1.7,6.7,0.444,18.6
454,Jason Smith,PF-C,32,TOT,20,1,9.5,1.1,3,0.356,0.5,1.3,0.346,0.6,1.7,0.364,0.432,0.7,0.8,0.875,0.8,1.8,2.6,0.7,0.2,0.4,0.7,1.5,3.3,0.492,17.5
454,Jason Smith,C,32,WAS,12,1,10.8,1.3,3.1,0.405,0.3,0.8,0.4,0.9,2.3,0.407,0.459,0.8,1,0.833,0.9,2.2,3.1,1,0.1,0.4,0.6,1.8,3.7,0.52,16.1
454,Jason Smith,PF,32,MIL,6,0,6.7,0.7,2.2,0.308,0.5,1.5,0.333,0.2,0.7,0.25,0.423,0.3,0.3,1,0.5,1.3,1.8,0.2,0.3,0.3,0.8,1,2.2,0.468,19.8
454,Jason Smith,C,32,NOP,2,0,10,1,4.5,0.222,1,3.5,0.286,0,1,0,0.333,1,1,1,1,1,2,0.5,0,0,0.5,1.5,4,0.405,22.3
455,Zhaire Smith,SG,19,PHI,3,0,11,0.7,2.3,0.286,0.7,1,0.667,0,1.3,0,0.429,1,1.3,0.75,0,1.3,1.3,0.7,0.7,0.7,0.7,1.7,3,0.514,13.7
456,Tony Snell,SF,27,MIL,74,12,17.6,2.2,4.9,0.452,1.1,2.8,0.397,1.1,2.1,0.522,0.564,0.5,0.6,0.881,0.4,1.7,2.1,0.9,0.4,0.2,0.3,1.2,6,0.585,12.9
457,Ray Spalding,PF,21,TOT,12,1,8.8,1.7,2.8,0.606,0,0.1,0,1.7,2.7,0.625,0.606,0.3,0.8,0.333,1.2,1.9,3.1,0.3,0.4,0.5,0.6,1.3,3.6,0.582,17.8
457,Ray Spalding,PF,21,DAL,1,0,1,0,0,,0,0,,0,0,,,0,0,,0,0,0,0,0,0,0,0,0,,0
457,Ray Spalding,PF,21,PHO,11,1,9.5,1.8,3,0.606,0,0.1,0,1.8,2.9,0.625,0.606,0.3,0.8,0.333,1.3,2.1,3.4,0.3,0.5,0.5,0.6,1.5,3.9,0.582,18
458,Omari Spellman,PF,21,ATL,46,11,17.5,2.1,5.3,0.402,1,2.8,0.344,1.2,2.5,0.466,0.492,0.7,1,0.711,1.6,2.7,4.2,1,0.6,0.5,0.7,1.5,5.9,0.516,14.9
459,Nik Stauskas,SG,25,TOT,67,0,15,2,5,0.403,1,2.8,0.369,1,2.2,0.446,0.506,0.9,1,0.891,0.3,1.6,1.9,1.2,0.3,0.1,0.7,0.7,5.9,0.545,17.6
459,Nik Stauskas,SG,25,POR,44,0,15.3,2.2,5.2,0.419,1,2.8,0.344,1.2,2.4,0.51,0.513,0.7,0.8,0.889,0.2,1.6,1.8,1.4,0.3,0.1,0.9,0.7,6.1,0.545,17.9
459,Nik Stauskas,SG,25,CLE,23,0,14.3,1.7,4.6,0.368,1.1,2.7,0.419,0.6,1.9,0.295,0.491,1.1,1.2,0.893,0.3,1.7,2,0.8,0.3,0.1,0.4,0.8,5.6,0.545,17
460,D.J. Stephens,SG,28,MEM,1,0,7,1,2,0.5,0,0,,1,2,0.5,0.5,0,0,,0,0,0,0,1,0,1,0,2,0.5,19.2
461,Lance Stephenson,SG,28,LAL,68,3,16.5,2.7,6.4,0.426,1.1,2.9,0.371,1.6,3.5,0.472,0.51,0.7,1.1,0.685,0.5,2.7,3.2,2.1,0.6,0.1,1.3,1.6,7.2,0.529,20.3
462,Edmond Sumner,PG,23,IND,21,2,8.5,0.8,2.4,0.34,0.2,1,0.2,0.6,1.4,0.433,0.38,0.3,0.6,0.462,0.3,0.6,1,0.4,0.5,0.2,0.4,1,2.1,0.395,15.7
463,Caleb Swanigan,PF,21,TOT,20,0,8,0.8,2.4,0.333,0.1,0.3,0.167,0.8,2.1,0.357,0.344,0.3,0.5,0.667,0.7,2.2,2.9,0.4,0.2,0,0.9,1.3,2,0.375,18.4
463,Caleb Swanigan,PF,21,POR,18,0,8.1,0.8,2.4,0.318,0.1,0.3,0.2,0.7,2.2,0.333,0.33,0.3,0.4,0.857,0.7,2.2,2.9,0.4,0.2,0,0.9,1.2,1.9,0.372,18.4
463,Caleb Swanigan,PF,21,SAC,2,0,7.5,1,2,0.5,0,0.5,0,1,1.5,0.667,0.5,0,1,0,0.5,2,2.5,0.5,0,0,1,2,2,0.41,19
464,Jayson Tatum,SF,20,BOS,78,78,31.4,6,13.3,0.451,1.5,4,0.373,4.5,9.3,0.484,0.507,2.5,2.9,0.855,0.9,5.2,6.1,2.2,1.1,0.7,1.6,2.2,15.9,0.548,22.1
465,Jeff Teague,PG,30,MIN,42,41,30.1,4.2,9.9,0.423,0.8,2.5,0.333,3.4,7.4,0.453,0.465,2.9,3.6,0.804,0.4,2.1,2.5,8.2,1,0.4,2.3,2.1,12.1,0.528,19.3
466,Garrett Temple,SG,32,TOT,73,55,27.5,2.8,6.7,0.423,1.2,3.6,0.341,1.6,3.1,0.518,0.514,1,1.4,0.738,0.4,2.5,2.9,1.4,1,0.4,1,2.7,7.9,0.542,13.3
466,Garrett Temple,SG,32,MEM,49,49,31.2,3.4,7.9,0.429,1.5,4.3,0.352,1.9,3.6,0.52,0.525,1.2,1.6,0.75,0.4,2.7,3.1,1.4,1,0.5,1.1,2.7,9.4,0.551,13.9
466,Garrett Temple,SG,32,LAC,24,6,19.8,1.7,4.2,0.4,0.6,2.1,0.294,1,2,0.51,0.475,0.8,1.1,0.704,0.4,2.1,2.5,1.5,1,0.2,0.7,2.7,4.8,0.509,11.4
467,Milos Teodosic,PG,31,LAC,15,0,10,1.1,2.7,0.425,0.7,1.8,0.37,0.5,0.9,0.538,0.55,0.3,0.5,0.571,0.2,0.9,1.1,2.1,0.2,0.1,1.4,1.8,3.2,0.557,18
468,Jared Terrell,SG,23,MIN,11,0,6.9,0.7,2.5,0.296,0.4,1.1,0.333,0.4,1.4,0.267,0.37,0.1,0.2,0.5,0.1,0.3,0.4,0.6,0.3,0.1,0.7,0.8,1.9,0.377,19.8
469,Emanuel Terry,PF,22,TOT,3,0,7.7,1.3,2.3,0.571,0,0,,1.3,2.3,0.571,0.571,0.7,1.3,0.5,1,1.3,2.3,0.7,1,0,0.7,1.3,3.3,0.571,20.1
469,Emanuel Terry,PF,22,PHO,2,0,10,2,3,0.667,0,0,,2,3,0.667,0.667,0.5,1,0.5,1,2,3,0.5,1.5,0,1,2,4.5,0.654,19.1
469,Emanuel Terry,PF,22,MIA,1,0,3,0,1,0,0,0,,0,1,0,0,1,2,0.5,1,0,1,1,0,0,0,0,1,0.266,26.9
470,Daniel Theis,C,26,BOS,64,2,13.7,2.2,4,0.55,0.4,1,0.406,1.8,3,0.598,0.601,0.9,1.2,0.737,1.3,2.1,3.4,1,0.3,0.6,0.5,2.5,5.7,0.628,16
471,Isaiah Thomas,SG,29,DEN,11,0,14.3,2.7,7.7,0.353,1,3.5,0.289,1.7,4.3,0.404,0.418,1.5,2.1,0.696,0.5,0.7,1.2,1.8,0.3,0.1,1.5,1.3,7.9,0.457,30.5
472,Khyri Thomas,SG,22,DET,25,0,7.6,0.9,2.6,0.333,0.4,1.4,0.286,0.5,1.2,0.387,0.409,0.3,0.4,0.636,0.2,0.6,0.8,0.3,0.3,0.2,0.2,0.8,2.4,0.431,17
473,Lance Thomas,PF,30,NYK,46,17,17,1.7,4.3,0.396,0.5,1.7,0.278,1.2,2.6,0.475,0.452,0.6,0.8,0.75,0.5,2.1,2.5,0.6,0.4,0.2,0.5,1.8,4.5,0.482,12.9
474,Klay Thompson,SG,28,GSW,76,76,34.3,8.4,18.1,0.466,3.1,7.8,0.401,5.3,10.4,0.514,0.551,1.7,2.1,0.816,0.5,3.4,3.9,2.4,1.1,0.6,1.5,2.1,21.7,0.569,25.7
475,Tristan Thompson,C,27,CLE,43,40,27.9,4.7,8.8,0.529,0,0,,4.7,8.8,0.529,0.529,1.6,2.5,0.642,4,6.2,10.2,2,0.7,0.4,1.4,2.1,10.9,0.551,17.7
476,Sindarius Thornwell,SG,24,LAC,62,1,4.7,0.3,0.8,0.347,0,0.2,0.2,0.2,0.5,0.412,0.378,0.3,0.5,0.7,0.1,0.6,0.7,0.3,0.2,0.1,0.3,0.6,0.9,0.466,11.7
477,Anthony Tolliver,PF,33,MIN,62,0,16.5,1.5,3.9,0.385,1.2,3.3,0.379,0.3,0.7,0.415,0.543,0.8,1,0.797,0.2,2.5,2.7,0.7,0.2,0.3,0.5,1.4,5,0.578,12.5
478,Karl-Anthony Towns,C,23,MIN,76,76,33,8.8,17.1,0.517,1.9,4.7,0.401,6.9,12.4,0.561,0.572,4.8,5.7,0.833,3.4,9,12.5,3.4,0.9,1.6,3.1,3.8,24.3,0.62,28.8
479,Gary Trent,SG,20,POR,14,0,4.5,0.6,2.2,0.258,0.3,1.1,0.25,0.3,1.1,0.267,0.323,0.1,0.3,0.25,0.1,0.6,0.6,0.1,0,0.1,0.2,0.2,1.5,0.321,24
480,Allonzo Trier,SG,23,NYK,64,3,22.8,3.6,8.1,0.448,0.8,2.1,0.394,2.8,6,0.466,0.498,2.8,3.5,0.803,0.5,2.6,3.1,1.9,0.4,0.2,1.8,1.8,10.9,0.564,21.4
481,P.J. Tucker,PF,33,HOU,80,80,34.4,2.5,6.3,0.398,1.8,4.7,0.379,0.8,1.7,0.455,0.538,0.5,0.7,0.684,1.5,4.4,5.9,1.2,1.6,0.5,0.8,3.1,7.3,0.55,9.4
482,Evan Turner,PG,30,POR,71,2,22.1,2.8,6.1,0.463,0.2,0.7,0.212,2.7,5.4,0.497,0.476,0.9,1.4,0.698,0.5,4,4.5,3.9,0.4,0.2,1.6,1.5,6.8,0.504,15.8
483,Myles Turner,C,22,IND,73,73,28.8,5.2,10.6,0.488,1,2.6,0.383,4.2,8,0.522,0.535,2,2.8,0.736,1.4,5.8,7.2,1.6,0.8,2.7,1.4,2.7,13.4,0.566,20.1
484,Ekpe Udoh,C,31,UTA,48,0,5.8,0.9,1.3,0.688,0,0,,0.9,1.3,0.688,0.688,0.3,0.4,0.667,0.5,1.1,1.6,0.5,0.2,0.5,0.2,0.7,2.1,0.696,13
485,Tyler Ulis,PG,23,CHI,1,0,1,0,0,,0,0,,0,0,,,0,0,,0,0,0,0,0,0,0,0,0,,0
486,Jonas Valanciunas,C,26,TOT,49,27,22.3,6.1,11,0.559,0.3,1,0.292,5.9,10,0.586,0.572,3,3.8,0.795,2.2,6.4,8.6,1.4,0.4,1.1,1.8,3,15.6,0.616,28.5
486,Jonas Valanciunas,C,26,TOR,30,10,18.8,5,8.6,0.575,0.3,1,0.3,4.7,7.6,0.611,0.593,2.6,3.1,0.819,1.8,5.4,7.2,1,0.4,0.8,1.3,2.7,12.8,0.639,25.8
486,Jonas Valanciunas,C,26,MEM,19,17,27.7,8,14.7,0.545,0.3,0.9,0.278,7.7,13.7,0.563,0.554,3.7,4.8,0.769,2.7,7.9,10.7,2.2,0.3,1.6,2.7,3.4,19.9,0.594,31.4
487,Jarred Vanderbilt,PF,19,DEN,15,0,3.6,0.5,1.1,0.471,0,0.1,0,0.5,1.1,0.5,0.471,0.3,0.5,0.5,0.4,1.1,1.5,0.2,0.3,0.1,0.3,0.3,1.3,0.487,19.4
488,Fred VanVleet,PG,24,TOR,62,27,27.6,3.9,9.4,0.412,1.8,4.6,0.382,2.1,4.8,0.441,0.506,1.5,1.8,0.841,0.3,2.3,2.6,4.8,0.9,0.3,1.3,1.8,11,0.542,17.8
489,Noah Vonleh,PF,23,NYK,68,57,25.3,3,6.5,0.47,0.7,2,0.336,2.4,4.5,0.531,0.523,1.6,2.3,0.712,1.7,6.1,7.8,1.9,0.7,0.8,1.3,2.6,8.4,0.561,14.8
490,Nikola Vucevic,C,28,ORL,79,79,31.3,8.7,16.9,0.517,1.1,2.9,0.366,7.7,14,0.548,0.548,2.3,2.9,0.789,2.8,9.2,12,3.8,1,1.1,2,1.9,20.8,0.573,27.9
491,Dwyane Wade,SG,37,MIA,69,0,25.8,5.6,13,0.435,1.1,3.4,0.323,4.6,9.6,0.474,0.477,2.2,3.2,0.697,1,2.9,3.9,4.1,0.9,0.5,2.3,1.6,14.6,0.507,27.7
492,Moritz Wagner,C,21,LAL,41,5,10.2,1.6,3.8,0.414,0.5,1.8,0.306,1,2.1,0.506,0.484,1,1.2,0.824,0.4,1.6,2,0.6,0.3,0.3,0.9,1.3,4.7,0.541,21.6
493,Dion Waiters,SG,27,MIA,41,27,26.3,4.6,11,0.418,2.5,6.6,0.375,2.1,4.4,0.483,0.531,0.5,1.1,0.5,0.2,2.5,2.7,2.8,0.7,0.2,1.5,1.7,12.2,0.533,21.2
494,Kemba Walker,PG,28,CHO,79,79,34.9,8.8,20.4,0.431,3.2,8.9,0.355,5.6,11.5,0.49,0.508,4.6,5.5,0.843,0.6,3.8,4.4,5.9,1.3,0.4,2.6,1.6,25.4,0.556,31.3
495,Lonnie Walker,SG,20,SAS,15,0,6.8,0.9,2.8,0.31,0.3,0.9,0.385,0.5,1.9,0.276,0.369,0.5,0.5,0.875,0,1,1,0.5,0.4,0.1,0.3,0.5,2.5,0.417,21.4
496,John Wall,PG,28,WAS,32,32,34.5,7.7,17.3,0.444,1.6,5.3,0.302,6.1,12,0.507,0.49,3.8,5.5,0.697,0.5,3.2,3.6,8.7,1.5,0.9,3.8,2.2,20.7,0.527,28.8
497,Tyrone Wallace,PG,24,LAC,60,0,10.1,1.4,3.5,0.413,0.1,0.3,0.211,1.4,3.2,0.434,0.423,0.5,0.9,0.545,0.3,1.3,1.6,0.7,0.4,0.1,0.6,1.4,3.4,0.444,18.6
498,Taurean Waller-Prince,SF,24,ATL,53,45,28.2,4.7,10.6,0.446,2.2,5.7,0.384,2.5,4.9,0.517,0.549,1.8,2.1,0.823,0.4,3.2,3.6,2.2,1,0.3,1.8,2.5,13.4,0.58,19.4
499,Brad Wanamaker,PG,29,BOS,34,0,9.1,1.3,2.6,0.483,0.5,1,0.471,0.8,1.6,0.491,0.573,0.6,0.6,0.905,0.1,0.9,1,1.4,0.3,0.1,0.5,0.9,3.6,0.616,16.3
500,T.J. Warren,SF,25,PHO,43,36,31.6,6.9,14.2,0.486,1.8,4.2,0.428,5.1,10,0.51,0.549,2.3,2.9,0.815,0.7,3.3,4,1.5,1.2,0.7,1.2,2.8,18,0.58,22.7
501,Julian Washburn,SF,27,MEM,15,3,13.9,0.7,2.7,0.275,0.3,1.4,0.19,0.5,1.3,0.368,0.325,0.2,0.3,0.75,0.5,1.7,2.2,0.9,0.7,0.1,0.4,0.8,1.9,0.347,10.3
502,Yuta Watanabe,SF,24,MEM,14,0,11.1,0.9,3.1,0.302,0.1,0.9,0.154,0.8,2.1,0.367,0.326,0.5,0.7,0.7,0.1,1.8,1.9,0.6,0.3,0.1,0.4,0.6,2.5,0.369,15.4
503,Thomas Welsh,C,22,DEN,11,0,3.3,0.6,1.2,0.538,0.3,0.6,0.429,0.4,0.5,0.667,0.654,0.1,0.2,0.5,0,0.4,0.4,0.5,0,0,0.1,0.3,1.6,0.648,17.6
504,Russell Westbrook,PG,30,OKC,70,70,36,8.6,20.3,0.425,1.6,5.6,0.286,7,14.7,0.478,0.464,4.1,6.3,0.656,1.5,9.5,11.1,10.6,2,0.5,4.5,3.4,22.9,0.498,31.1
505,Derrick White,PG,24,SAS,65,53,25.8,3.9,8.1,0.476,0.7,2.1,0.333,3.2,6,0.527,0.52,1.4,1.9,0.769,0.5,3.1,3.6,4,1,0.7,1.5,2.2,9.9,0.552,17.7
506,Okaro White,PF,26,WAS,3,0,2,0,0.7,0,0,0.7,0,0,0,,0,0,0,,0.3,0.3,0.7,0,0,0,0,0,0,0,14.1
507,Hassan Whiteside,C,29,MIA,70,53,23.4,5.3,9.5,0.564,0,0.2,0.125,5.3,9.2,0.575,0.566,1.5,3.4,0.448,3.6,7.8,11.4,0.8,0.6,1.9,1.4,2.7,12.3,0.558,22.6
508,Andrew Wiggins,SF,23,MIN,70,70,34.9,6.7,16.5,0.407,1.6,4.7,0.332,5.2,11.8,0.437,0.455,2.9,4.1,0.703,1.1,3.7,4.8,2.5,1,0.7,1.9,2.1,17.9,0.489,24.3
509,Alan Williams,PF,26,BRK,4,0,5.5,1.5,2.5,0.6,0,0.3,0,1.5,2.3,0.667,0.6,0.5,1,0.5,1,3.3,4.3,0.8,0.3,0,0.3,0.5,3.5,0.595,24.4
510,C.J. Williams,SG,28,MIN,13,0,7.1,0.9,2.1,0.444,0.2,0.9,0.167,0.8,1.2,0.667,0.481,0,0,,0.1,0.3,0.4,0.8,0.2,0,0.3,1,2,0.481,14.1
511,Johnathan Williams,C,23,LAL,22,0,14.6,2.5,4.3,0.589,0,0.1,0,2.5,4.2,0.602,0.589,0.9,1.7,0.514,1.8,1.9,3.7,0.5,0.3,0.3,0.6,2.6,6,0.589,16
512,Kenrich Williams,SF,24,NOP,44,27,23.1,2.3,5.9,0.379,1.1,3.3,0.331,1.2,2.6,0.44,0.471,0.3,0.4,0.684,1.2,3.5,4.7,1.6,0.9,0.4,0.8,2.1,5.9,0.481,12.2
513,Lou Williams,SG,32,LAC,73,0,26.6,6.5,15.2,0.428,1.4,3.9,0.359,5.1,11.3,0.453,0.475,5.7,6.5,0.876,0.5,2.4,2.9,5.4,0.7,0.1,2.4,1.1,20.1,0.557,32.4
514,Marvin Williams,PF,32,CHO,75,75,28.4,3.7,8.7,0.422,1.9,5.1,0.366,1.8,3.6,0.5,0.529,0.9,1.1,0.767,1,4.4,5.4,1.2,0.9,0.8,0.6,2.1,10.1,0.548,14.8
515,Robert Williams,C,21,BOS,31,1,8.2,1.1,1.5,0.729,0,0,,1.1,1.5,0.729,0.729,0.3,0.5,0.6,0.8,1.5,2.3,0.2,0.3,1.2,0.3,1,2.5,0.723,10.8
516,Troy Williams,SF,24,SAC,19,0,15.7,2.2,4.8,0.462,0.7,2.2,0.333,1.5,2.6,0.571,0.538,0.5,0.8,0.6,0.5,2.5,3,0.6,0.5,0.4,0.5,1.8,5.6,0.548,14.8
517,D.J. Wilson,PF,22,MIL,45,1,17.6,2,4.9,0.414,0.9,2.5,0.366,1.1,2.4,0.463,0.507,0.5,1,0.545,0.9,3.4,4.2,1,0.4,0.4,0.6,1.7,5.5,0.516,14.2
518,Justise Winslow,SF,22,MIA,63,49,29.7,4.9,11.3,0.433,1.4,3.8,0.373,3.5,7.5,0.464,0.496,1.3,2.1,0.629,1,4.4,5.4,4.3,1,0.3,2.2,2.6,12.6,0.513,20.7
519,Christian Wood,PF,23,TOT,19,0,10.2,2.4,4.3,0.561,0.3,0.8,0.313,2.2,3.5,0.621,0.591,1.8,2.6,0.714,0.6,2.7,3.4,0.4,0.4,0.5,0.7,0.7,6.9,0.637,25
519,Christian Wood,PF,23,MIL,13,0,4.8,0.9,1.9,0.48,0.2,0.4,0.6,0.7,1.5,0.45,0.54,0.8,1.2,0.667,0.3,1.2,1.5,0.2,0,0,0.2,0.2,2.8,0.585,23.4
519,Christian Wood,PF,23,NOP,6,0,21.8,5.7,9.5,0.596,0.3,1.8,0.182,5.3,7.7,0.696,0.614,4.2,5.7,0.735,1.3,6,7.3,1,1.2,1.5,1.7,1.7,15.8,0.66,25.7
520,Delon Wright,PG,26,TOT,72,10,22,3.2,7.3,0.433,0.6,2.2,0.295,2.5,5.1,0.492,0.477,1.5,1.9,0.784,0.9,2.3,3.2,3.1,1.2,0.4,1,1.3,8.4,0.519,18
520,Delon Wright,PG,26,TOR,49,2,18.3,2.6,6,0.433,0.6,1.8,0.333,2,4.1,0.478,0.485,1.1,1.2,0.869,0.8,1.8,2.6,2.2,0.9,0.3,0.8,1.1,6.9,0.527,17.1
520,Delon Wright,PG,26,MEM,23,8,29.8,4.3,10,0.433,0.7,2.9,0.242,3.7,7.2,0.509,0.468,2.3,3.2,0.712,1.1,3.6,4.7,4.9,1.7,0.6,1.4,1.9,11.7,0.509,19.3
521,Guerschon Yabusele,PF,23,BOS,40,0,5.7,0.8,1.7,0.448,0.2,0.6,0.261,0.6,1.1,0.545,0.493,0.4,0.5,0.75,0.6,0.7,1.2,0.4,0.2,0.2,0.4,0.8,2,0.534,17.3
522,Nick Young,SG,33,DEN,4,0,9.3,0.8,2.3,0.333,0.8,2,0.375,0,0.3,0,0.5,0,0,,0,0.3,0.3,0.5,0,0.3,0.5,1,2.3,0.5,12.7
523,Thaddeus Young,PF,30,IND,80,80,30.8,5.4,10.4,0.523,0.6,1.8,0.349,4.8,8.6,0.561,0.554,1.1,1.7,0.649,2.4,4.1,6.5,2.5,1.5,0.5,1.5,2.4,12.6,0.566,17.9
524,Trae Young,PG,20,ATL,80,80,30.9,6.5,15.5,0.419,1.9,5.9,0.326,4.6,9.5,0.477,0.482,4.2,5,0.826,0.8,2.9,3.7,8,0.9,0.2,3.8,1.8,19.1,0.539,28.3
525,Cody Zeller,C,26,CHO,49,47,25.4,3.9,7,0.551,0.1,0.4,0.273,3.8,6.6,0.57,0.559,2.3,2.9,0.787,2.2,4.6,6.8,2.1,0.8,0.8,1.3,3.3,10.1,0.611,16.2
526,Tyler Zeller,C,29,TOT,3,0,9.7,1,2.7,0.375,0,0.3,0,1,2.3,0.429,0.375,1.3,1.3,1,1.3,1.7,3,0.3,0.3,0,0,2.3,3.3,0.512,14.8
526,Tyler Zeller,C,29,ATL,2,0,5.5,0,1,0,0,0.5,0,0,0.5,0,0,0,0,,1,2,3,0.5,0,0,0,2,0,0,7.4
526,Tyler Zeller,F-C,29,MEM,1,0,18,3,6,0.5,0,0,,3,6,0.5,0.5,4,4,1,2,1,3,0,1,0,0,3,10,0.644,19.3
527,Ante Zizic,C,22,CLE,57,24,18.3,3.1,5.6,0.549,0,0,,3.1,5.6,0.549,0.549,1.6,2.2,0.701,1.8,3.6,5.4,0.9,0.2,0.4,1,1.9,7.7,0.586,18.1
528,Ivica Zubac,C,21,TOT,57,36,17.4,3.5,6.3,0.559,0,0,,3.5,6.3,0.559,0.559,1.7,2.1,0.8,1.9,4.1,6,1.1,0.2,0.8,1.2,2.4,8.7,0.604,20.2
528,Ivica Zubac,C,21,LAL,33,12,15.6,3.4,5.8,0.58,0,0,,3.4,5.8,0.58,0.58,1.7,2,0.864,1.6,3.3,4.9,0.8,0.1,0.8,1,2.2,8.5,0.633,20.5
528,Ivica Zubac,C,21,LAC,24,24,19.7,3.7,6.9,0.533,0,0,,3.7,6.9,0.533,0.533,1.6,2.3,0.722,2.3,5.3,7.5,1.5,0.4,0.9,1.4,2.6,9,0.57,19.9
